Return_ID,Order_ID,Return_Date,Return_Reason,Refund_Amount
RET00001,ORD000003,2025-06-13,Size/Fit Issue,4797.04
RET00002,ORD000061,2024-02-28,Damaged,3120.53
RET00003,ORD000064,2024-10-08,Size/Fit Issue,10756.89
RET00004,ORD000092,2025-11-12,Changed Mind,3428.79
RET00005,ORD000101,2025-03-24,Poor Quality,8085.45
RET00006,ORD000104,2025-06-26,Damaged,4385.8
RET00007,ORD000109,2025-08-20,Changed Mind,9017.97
RET00008,ORD000134,2025-08-12,Changed Mind,5235.38
RET00009,ORD000221,2024-08-20,Poor Quality,8568.58
RET00010,ORD000255,2025-04-15,Poor Quality,3657.7
RET00011,ORD000302,2024-01-24,Damaged,1916.39
RET00012,ORD000320,2024-02-25,Size/Fit Issue,4101.89
RET00013,ORD000322,2024-05-05,Changed Mind,8162.01
RET00014,ORD000357,2024-11-14,Size/Fit Issue,4275.52
RET00015,ORD000374,2025-05-24,Wrong Product,8024.92
RET00016,ORD000402,2025-08-19,Late Delivery,6890.99
RET00017,ORD000411,2024-11-16,Changed Mind,889.62
RET00018,ORD000425,2024-04-18,Damaged,8462.6
RET00019,ORD000427,2024-08-16,Poor Quality,10542.98
RET00020,ORD000440,2025-09-29,Wrong Product,10282.56
RET00021,ORD000445,2025-04-19,Product Not as Expected,11915.47
RET00022,ORD000466,2024-05-02,Product Not as Expected,2822.27
RET00023,ORD000501,2025-01-22,Changed Mind,1578.14
RET00024,ORD000515,2026-01-17,Poor Quality,6040.66
RET00025,ORD000521,2024-06-02,Product Not as Expected,6818.95
RET00026,ORD000538,2024-05-20,Product Not as Expected,1816.65
RET00027,ORD000542,2025-04-16,Changed Mind,2209.22
RET00028,ORD000553,2024-05-16,Late Delivery,10648.98
RET00029,ORD000608,2025-04-11,Changed Mind,6072.01
RET00030,ORD000638,2025-03-09,Damaged,4873.4
RET00031,ORD000640,2024-06-01,Changed Mind,1236.89
RET00032,ORD000653,2025-04-19,Wrong Product,2297.78
RET00033,ORD000656,2024-12-01,Product Not as Expected,2744.64
RET00034,ORD000658,2025-04-25,Damaged,6884.26
RET00035,ORD000659,2024-03-22,Poor Quality,11488.22
RET00036,ORD000669,2024-04-10,Changed Mind,3420.91
RET00037,ORD000676,2024-02-07,Damaged,8238.75
RET00038,ORD000703,2024-11-15,Late Delivery,9336.9
RET00039,ORD000737,2025-04-25,Wrong Product,5500.71
RET00040,ORD000759,2025-05-23,Wrong Product,11513.72
RET00041,ORD000763,2024-09-10,Changed Mind,11200.84
RET00042,ORD000775,2025-04-12,Product Not as Expected,6616.53
RET00043,ORD000814,2025-05-14,Poor Quality,7900.47
RET00044,ORD000827,2024-11-05,Product Not as Expected,11611.55
RET00045,ORD000831,2025-01-09,Size/Fit Issue,3211.25
RET00046,ORD000847,2024-04-20,Late Delivery,6702.16
RET00047,ORD000862,2025-11-13,Late Delivery,7862.67
RET00048,ORD000875,2026-01-16,Wrong Product,3893.14
RET00049,ORD000917,2025-03-07,Changed Mind,11635.83
RET00050,ORD000922,2025-05-04,Changed Mind,1950.65
RET00051,ORD000977,2024-03-13,Poor Quality,10228.69
RET00052,ORD000981,2025-01-02,Wrong Product,4588.11
RET00053,ORD000982,2025-07-04,Size/Fit Issue,3578.63
RET00054,ORD001010,2025-01-05,Size/Fit Issue,603.73
RET00055,ORD001019,2025-12-27,Changed Mind,620.11
RET00056,ORD001028,2024-09-04,Changed Mind,2616.27
RET00057,ORD001033,2025-04-16,Poor Quality,4910.35
RET00058,ORD001037,2024-10-07,Size/Fit Issue,10359.14
RET00059,ORD001044,2024-07-18,Poor Quality,1616.9
RET00060,ORD001082,2024-06-27,Product Not as Expected,2695.4
RET00061,ORD001097,2024-02-06,Size/Fit Issue,5018.01
RET00062,ORD001144,2025-02-14,Changed Mind,10517.45
RET00063,ORD001163,2025-03-31,Damaged,5752.64
RET00064,ORD001228,2025-06-02,Poor Quality,938.98
RET00065,ORD001248,2025-02-04,Damaged,3610.56
RET00066,ORD001253,2024-11-19,Wrong Product,473.08
RET00067,ORD001277,2024-06-04,Size/Fit Issue,1342.57
RET00068,ORD001331,2025-02-05,Damaged,4281.69
RET00069,ORD001365,2024-11-10,Changed Mind,1083.15
RET00070,ORD001368,2024-11-05,Damaged,6020.19
RET00071,ORD001371,2025-11-08,Product Not as Expected,1592.94
RET00072,ORD001385,2025-05-25,Poor Quality,2986.55
RET00073,ORD001396,2024-02-07,Wrong Product,3012.95
RET00074,ORD001416,2025-09-06,Size/Fit Issue,5307.47
RET00075,ORD001423,2025-04-08,Size/Fit Issue,2526.75
RET00076,ORD001436,2025-10-13,Size/Fit Issue,3112.31
RET00077,ORD001445,2025-12-14,Wrong Product,8026.93
RET00078,ORD001487,2024-03-31,Late Delivery,2075.65
RET00079,ORD001498,2025-05-25,Product Not as Expected,4290.51
RET00080,ORD001507,2024-11-17,Product Not as Expected,8459.42
RET00081,ORD001513,2025-07-01,Poor Quality,5118.99
RET00082,ORD001527,2024-02-14,Product Not as Expected,776.46
RET00083,ORD001538,2024-08-14,Poor Quality,7893.37
RET00084,ORD001562,2024-03-08,Changed Mind,5872.91
RET00085,ORD001579,2024-05-07,Product Not as Expected,4098.51
RET00086,ORD001581,2024-07-05,Product Not as Expected,7745.62
RET00087,ORD001598,2025-09-08,Size/Fit Issue,2160.18
RET00088,ORD001608,2024-11-22,Wrong Product,11782.78
RET00089,ORD001615,2024-10-28,Product Not as Expected,6741.78
RET00090,ORD001630,2025-02-15,Wrong Product,5703.71
RET00091,ORD001636,2024-09-19,Changed Mind,11236.15
RET00092,ORD001651,2025-03-19,Damaged,6472.21
RET00093,ORD001658,2025-11-19,Product Not as Expected,2438.98
RET00094,ORD001680,2026-01-27,Poor Quality,7366.05
RET00095,ORD001689,2024-11-11,Damaged,6792.64
RET00096,ORD001715,2024-06-14,Late Delivery,3398.51
RET00097,ORD001717,2024-12-23,Size/Fit Issue,4159.27
RET00098,ORD001742,2025-08-16,Poor Quality,6689.92
RET00099,ORD001754,2024-12-03,Changed Mind,4888.42
RET00100,ORD001791,2025-05-19,Late Delivery,5954.37
RET00101,ORD001824,2025-06-12,Damaged,10414.6
RET00102,ORD001840,2025-05-27,Poor Quality,6157.6
RET00103,ORD001848,2025-03-25,Poor Quality,4419.6
RET00104,ORD001886,2025-06-27,Damaged,4364.64
RET00105,ORD001901,2024-09-01,Damaged,7983.4
RET00106,ORD001952,2025-04-04,Wrong Product,4407.91
RET00107,ORD001996,2024-11-04,Size/Fit Issue,5701.62
RET00108,ORD002033,2025-01-23,Product Not as Expected,10765.59
RET00109,ORD002041,2024-01-30,Damaged,7193.27
RET00110,ORD002057,2025-04-18,Wrong Product,358.02
RET00111,ORD002117,2025-03-10,Damaged,3779.92
RET00112,ORD002124,2024-04-19,Product Not as Expected,9542.76
RET00113,ORD002141,2025-09-08,Size/Fit Issue,3556.88
RET00114,ORD002173,2024-10-24,Wrong Product,10276.65
RET00115,ORD002236,2025-08-31,Damaged,5274.94
RET00116,ORD002267,2024-09-16,Damaged,11180.94
RET00117,ORD002324,2024-06-13,Poor Quality,4220.74
RET00118,ORD002377,2025-07-31,Poor Quality,1141.07
RET00119,ORD002399,2024-08-28,Damaged,8017.0
RET00120,ORD002446,2024-06-18,Size/Fit Issue,4634.76
RET00121,ORD002455,2024-07-21,Size/Fit Issue,8259.64
RET00122,ORD002468,2025-02-16,Wrong Product,9644.25
RET00123,ORD002484,2025-11-03,Damaged,1566.75
RET00124,ORD002492,2024-12-09,Damaged,2562.08
RET00125,ORD002499,2025-12-27,Size/Fit Issue,5481.87
RET00126,ORD002512,2024-04-07,Damaged,7283.61
RET00127,ORD002519,2025-01-22,Changed Mind,2209.06
RET00128,ORD002550,2025-03-16,Changed Mind,6126.17
RET00129,ORD002552,2025-07-15,Size/Fit Issue,8566.0
RET00130,ORD002581,2025-02-09,Late Delivery,1302.62
RET00131,ORD002596,2026-01-19,Changed Mind,1707.62
RET00132,ORD002617,2025-02-01,Size/Fit Issue,4609.58
RET00133,ORD002629,2024-10-05,Poor Quality,2367.06
RET00134,ORD002703,2024-04-03,Size/Fit Issue,2874.88
RET00135,ORD002716,2025-07-30,Changed Mind,6217.72
RET00136,ORD002722,2024-11-24,Damaged,6298.3
RET00137,ORD002733,2024-08-17,Changed Mind,2464.68
RET00138,ORD002758,2025-02-10,Size/Fit Issue,7671.23
RET00139,ORD002759,2025-08-20,Changed Mind,8276.37
RET00140,ORD002767,2024-02-11,Poor Quality,7730.84
RET00141,ORD002772,2026-01-17,Poor Quality,5404.86
RET00142,ORD002835,2025-02-14,Size/Fit Issue,5790.72
RET00143,ORD002854,2025-03-08,Size/Fit Issue,11849.81
RET00144,ORD002875,2025-07-08,Product Not as Expected,3732.43
RET00145,ORD002884,2024-09-13,Poor Quality,6462.07
RET00146,ORD002906,2025-06-12,Poor Quality,863.38
RET00147,ORD002907,2024-12-23,Size/Fit Issue,7772.11
RET00148,ORD002926,2025-12-20,Damaged,6541.68
RET00149,ORD002930,2024-05-02,Product Not as Expected,9685.93
RET00150,ORD002955,2024-11-25,Wrong Product,7170.75
RET00151,ORD002964,2024-06-12,Size/Fit Issue,8253.02
RET00152,ORD002986,2025-02-18,Product Not as Expected,11496.53
RET00153,ORD002990,2025-12-18,Late Delivery,3083.86
RET00154,ORD003009,2024-07-03,Damaged,7389.49
RET00155,ORD003030,2025-12-31,Product Not as Expected,7165.58
RET00156,ORD003082,2024-04-09,Size/Fit Issue,11199.45
RET00157,ORD003184,2025-01-29,Damaged,5079.45
RET00158,ORD003265,2024-03-13,Changed Mind,1785.26
RET00159,ORD003280,2024-08-30,Changed Mind,8619.58
RET00160,ORD003296,2025-01-31,Size/Fit Issue,11309.77
RET00161,ORD003326,2025-08-19,Late Delivery,3182.43
RET00162,ORD003349,2025-09-27,Wrong Product,7269.67
RET00163,ORD003353,2024-06-21,Wrong Product,542.24
RET00164,ORD003364,2025-02-06,Poor Quality,5128.69
RET00165,ORD003366,2025-05-15,Wrong Product,8570.77
RET00166,ORD003383,2025-05-28,Product Not as Expected,11228.17
RET00167,ORD003397,2025-04-30,Poor Quality,367.7
RET00168,ORD003408,2024-11-10,Changed Mind,6817.44
RET00169,ORD003418,2025-01-31,Size/Fit Issue,2511.56
RET00170,ORD003421,2024-05-30,Late Delivery,2185.06
RET00171,ORD003453,2025-01-31,Changed Mind,955.64
RET00172,ORD003462,2025-12-19,Product Not as Expected,4999.38
RET00173,ORD003484,2024-04-24,Size/Fit Issue,611.51
RET00174,ORD003491,2025-10-06,Poor Quality,5750.02
RET00175,ORD003523,2025-07-17,Changed Mind,8900.15
RET00176,ORD003532,2025-01-06,Damaged,10075.73
RET00177,ORD003538,2026-01-02,Wrong Product,10533.36
RET00178,ORD003539,2025-05-13,Damaged,5587.01
RET00179,ORD003592,2025-03-05,Poor Quality,10348.79
RET00180,ORD003599,2025-09-29,Poor Quality,2516.97
RET00181,ORD003613,2024-05-17,Wrong Product,3438.52
RET00182,ORD003645,2025-10-28,Wrong Product,11551.49
RET00183,ORD003647,2025-05-25,Damaged,8506.24
RET00184,ORD003683,2025-05-21,Size/Fit Issue,1634.07
RET00185,ORD003733,2025-12-29,Wrong Product,2430.91
RET00186,ORD003745,2024-04-09,Poor Quality,11658.18
RET00187,ORD003773,2024-08-10,Poor Quality,11910.34
RET00188,ORD003800,2026-01-07,Damaged,10589.49
RET00189,ORD003866,2024-02-26,Product Not as Expected,3638.84
RET00190,ORD003893,2026-01-02,Changed Mind,10900.39
RET00191,ORD003956,2024-07-09,Poor Quality,5573.16
RET00192,ORD003963,2024-02-05,Wrong Product,6768.0
RET00193,ORD003968,2024-10-26,Damaged,11827.69
RET00194,ORD003973,2025-05-02,Changed Mind,11791.26
RET00195,ORD004003,2024-05-17,Changed Mind,2425.74
RET00196,ORD004032,2025-03-06,Changed Mind,9282.71
RET00197,ORD004034,2025-06-08,Product Not as Expected,5809.94
RET00198,ORD004087,2024-03-01,Size/Fit Issue,4384.02
RET00199,ORD004098,2025-02-16,Wrong Product,1969.33
RET00200,ORD004112,2025-10-20,Size/Fit Issue,5397.88
RET00201,ORD004113,2024-02-17,Size/Fit Issue,9921.45
RET00202,ORD004126,2025-02-14,Poor Quality,11640.74
RET00203,ORD004140,2025-05-16,Late Delivery,2641.49
RET00204,ORD004159,2025-05-05,Product Not as Expected,2706.3
RET00205,ORD004174,2024-07-13,Changed Mind,6597.28
RET00206,ORD004176,2024-06-26,Poor Quality,9944.33
RET00207,ORD004178,2025-01-18,Damaged,5294.91
RET00208,ORD004185,2024-08-31,Size/Fit Issue,1526.17
RET00209,ORD004188,2025-06-17,Changed Mind,8673.38
RET00210,ORD004196,2025-02-06,Late Delivery,11760.99
RET00211,ORD004223,2025-07-08,Wrong Product,8039.75
RET00212,ORD004224,2024-02-05,Size/Fit Issue,5684.26
RET00213,ORD004256,2025-08-19,Size/Fit Issue,4292.64
RET00214,ORD004285,2025-07-09,Changed Mind,6970.39
RET00215,ORD004288,2025-01-18,Poor Quality,3239.19
RET00216,ORD004308,2025-06-11,Late Delivery,5346.1
RET00217,ORD004329,2025-07-01,Changed Mind,4851.17
RET00218,ORD004367,2025-08-26,Late Delivery,8324.58
RET00219,ORD004380,2025-02-27,Product Not as Expected,7948.75
RET00220,ORD004389,2024-03-07,Poor Quality,4543.64
RET00221,ORD004418,2024-05-27,Product Not as Expected,7072.97
RET00222,ORD004449,2025-11-07,Damaged,5661.0
RET00223,ORD004473,2024-07-24,Poor Quality,9139.82
RET00224,ORD004490,2024-02-06,Poor Quality,5685.43
RET00225,ORD004498,2024-03-18,Damaged,1695.55
RET00226,ORD004520,2024-09-10,Wrong Product,10773.77
RET00227,ORD004527,2025-11-20,Changed Mind,3467.73
RET00228,ORD004568,2024-11-15,Wrong Product,1896.34
RET00229,ORD004578,2024-04-24,Product Not as Expected,10134.47
RET00230,ORD004600,2024-05-27,Damaged,2288.27
RET00231,ORD004632,2024-08-24,Damaged,10359.02
RET00232,ORD004653,2025-04-14,Product Not as Expected,801.47
RET00233,ORD004662,2024-03-18,Damaged,6223.08
RET00234,ORD004672,2024-06-02,Poor Quality,4576.31
RET00235,ORD004680,2024-05-09,Damaged,4242.25
RET00236,ORD004707,2024-05-17,Damaged,8362.06
RET00237,ORD004722,2024-12-10,Wrong Product,9708.85
RET00238,ORD004803,2025-01-04,Late Delivery,11087.08
RET00239,ORD004813,2025-10-23,Size/Fit Issue,3460.82
RET00240,ORD004834,2024-12-15,Damaged,2352.09
RET00241,ORD004842,2025-10-31,Poor Quality,5670.21
RET00242,ORD004850,2025-08-29,Wrong Product,6125.53
RET00243,ORD004872,2025-12-17,Product Not as Expected,4095.33
RET00244,ORD004887,2024-11-28,Poor Quality,3265.06
RET00245,ORD004901,2024-03-07,Product Not as Expected,1501.7
RET00246,ORD004907,2025-12-17,Poor Quality,7816.5
RET00247,ORD004950,2024-03-20,Product Not as Expected,973.25
RET00248,ORD004951,2024-08-12,Product Not as Expected,5148.82
RET00249,ORD004968,2025-07-31,Product Not as Expected,4999.68
RET00250,ORD004975,2025-11-28,Damaged,334.54
RET00251,ORD005001,2025-10-09,Size/Fit Issue,8013.07
RET00252,ORD005115,2025-10-30,Changed Mind,11029.12
RET00253,ORD005135,2024-10-02,Changed Mind,2090.21
RET00254,ORD005137,2024-09-11,Changed Mind,664.72
RET00255,ORD005169,2024-12-31,Damaged,353.07
RET00256,ORD005179,2024-08-06,Wrong Product,5282.61
RET00257,ORD005194,2025-08-06,Size/Fit Issue,2645.54
RET00258,ORD005197,2025-12-21,Wrong Product,2581.27
RET00259,ORD005213,2024-06-27,Changed Mind,2841.89
RET00260,ORD005238,2024-08-20,Product Not as Expected,6026.71
RET00261,ORD005314,2024-08-20,Changed Mind,2434.38
RET00262,ORD005318,2024-03-15,Product Not as Expected,1769.58
RET00263,ORD005343,2025-06-10,Late Delivery,3548.37
RET00264,ORD005348,2024-04-11,Damaged,3274.41
RET00265,ORD005356,2024-03-01,Product Not as Expected,5270.22
RET00266,ORD005409,2025-01-03,Damaged,8798.58
RET00267,ORD005436,2025-11-26,Late Delivery,316.94
RET00268,ORD005468,2025-11-04,Size/Fit Issue,7562.71
RET00269,ORD005518,2025-06-12,Poor Quality,2141.52
RET00270,ORD005538,2024-11-25,Damaged,2794.51
RET00271,ORD005564,2024-08-18,Damaged,11861.74
RET00272,ORD005574,2025-04-05,Changed Mind,11575.25
RET00273,ORD005600,2024-12-19,Poor Quality,8311.66
RET00274,ORD005627,2025-07-02,Changed Mind,3966.24
RET00275,ORD005649,2025-07-03,Damaged,6142.69
RET00276,ORD005660,2025-04-22,Size/Fit Issue,9158.81
RET00277,ORD005698,2025-12-02,Damaged,369.08
RET00278,ORD005713,2025-01-24,Poor Quality,10877.96
RET00279,ORD005737,2024-10-26,Product Not as Expected,11342.77
RET00280,ORD005744,2024-06-13,Product Not as Expected,2899.48
RET00281,ORD005745,2024-11-12,Size/Fit Issue,10229.23
RET00282,ORD005747,2025-05-04,Poor Quality,3741.25
RET00283,ORD005749,2025-08-26,Wrong Product,9483.4
RET00284,ORD005753,2024-02-09,Wrong Product,8610.7
RET00285,ORD005772,2024-09-14,Product Not as Expected,7344.08
RET00286,ORD005780,2024-12-12,Late Delivery,7439.47
RET00287,ORD005800,2024-01-24,Wrong Product,4235.22
RET00288,ORD005831,2024-12-17,Damaged,9008.79
RET00289,ORD005843,2024-07-21,Changed Mind,1023.64
RET00290,ORD005888,2025-08-27,Product Not as Expected,7294.2
RET00291,ORD005929,2025-03-02,Poor Quality,5435.47
RET00292,ORD005938,2025-10-18,Late Delivery,9708.08
RET00293,ORD005970,2024-11-09,Size/Fit Issue,6982.69
RET00294,ORD006045,2025-02-23,Product Not as Expected,3265.7
RET00295,ORD006065,2025-10-16,Wrong Product,5697.76
RET00296,ORD006073,2024-03-31,Size/Fit Issue,1881.78
RET00297,ORD006074,2025-03-15,Late Delivery,6004.08
RET00298,ORD006087,2025-09-08,Damaged,5063.86
RET00299,ORD006088,2025-08-02,Size/Fit Issue,7283.11
RET00300,ORD006094,2024-04-12,Changed Mind,2146.5
RET00301,ORD006097,2025-05-05,Late Delivery,7879.51
RET00302,ORD006141,2024-12-10,Poor Quality,3324.04
RET00303,ORD006142,2024-01-23,Size/Fit Issue,3221.17
RET00304,ORD006173,2024-04-18,Wrong Product,11336.95
RET00305,ORD006203,2024-09-03,Late Delivery,9902.24
RET00306,ORD006204,2025-10-25,Poor Quality,3682.76
RET00307,ORD006208,2024-11-30,Damaged,2362.37
RET00308,ORD006218,2025-03-30,Damaged,1300.35
RET00309,ORD006234,2025-01-23,Product Not as Expected,8974.31
RET00310,ORD006237,2025-08-20,Size/Fit Issue,1048.9
RET00311,ORD006240,2024-02-22,Wrong Product,2532.48
RET00312,ORD006257,2024-09-13,Wrong Product,6330.04
RET00313,ORD006283,2026-01-18,Damaged,11773.12
RET00314,ORD006296,2024-10-05,Size/Fit Issue,8093.99
RET00315,ORD006318,2025-01-01,Size/Fit Issue,1226.96
RET00316,ORD006344,2025-02-25,Damaged,4625.11
RET00317,ORD006353,2025-11-21,Product Not as Expected,8321.75
RET00318,ORD006369,2025-12-24,Late Delivery,5950.68
RET00319,ORD006394,2025-08-16,Late Delivery,4095.08
RET00320,ORD006421,2025-06-12,Changed Mind,1770.1
RET00321,ORD006455,2025-02-18,Damaged,11826.34
RET00322,ORD006458,2024-03-30,Damaged,11886.46
RET00323,ORD006545,2024-11-24,Product Not as Expected,7012.53
RET00324,ORD006627,2026-01-21,Late Delivery,11508.67
RET00325,ORD006680,2025-07-29,Poor Quality,4487.29
RET00326,ORD006703,2025-08-10,Damaged,1862.99
RET00327,ORD006704,2025-08-25,Product Not as Expected,4301.36
RET00328,ORD006718,2024-08-13,Poor Quality,7223.31
RET00329,ORD006725,2024-02-08,Wrong Product,6256.46
RET00330,ORD006745,2025-08-15,Damaged,6301.32
RET00331,ORD006756,2024-02-25,Poor Quality,5713.73
RET00332,ORD006817,2025-05-17,Size/Fit Issue,2819.58
RET00333,ORD006822,2024-05-04,Size/Fit Issue,11774.8
RET00334,ORD006839,2024-02-28,Late Delivery,4762.92
RET00335,ORD006845,2024-05-30,Damaged,2666.55
RET00336,ORD006887,2026-01-24,Poor Quality,5792.93
RET00337,ORD006888,2024-10-17,Damaged,9511.94
RET00338,ORD006912,2025-05-11,Damaged,5901.37
RET00339,ORD006929,2025-08-26,Damaged,7953.56
RET00340,ORD006936,2024-03-24,Damaged,9121.83
RET00341,ORD006966,2025-11-17,Changed Mind,8517.47
RET00342,ORD006978,2025-10-14,Product Not as Expected,5455.99
RET00343,ORD007026,2024-09-05,Product Not as Expected,1136.79
RET00344,ORD007039,2024-08-02,Poor Quality,5492.2
RET00345,ORD007069,2025-08-08,Wrong Product,1776.52
RET00346,ORD007077,2025-05-13,Damaged,11840.76
RET00347,ORD007079,2025-08-14,Poor Quality,10416.26
RET00348,ORD007093,2025-12-31,Late Delivery,10146.49
RET00349,ORD007120,2025-10-13,Damaged,3665.34
RET00350,ORD007121,2025-12-18,Poor Quality,8480.01
RET00351,ORD007128,2024-11-13,Poor Quality,11220.61
RET00352,ORD007158,2025-01-07,Changed Mind,7008.7
RET00353,ORD007169,2024-08-30,Product Not as Expected,7089.97
RET00354,ORD007199,2024-09-28,Size/Fit Issue,1265.1
RET00355,ORD007223,2025-04-29,Product Not as Expected,8570.0
RET00356,ORD007226,2024-08-02,Late Delivery,11103.09
RET00357,ORD007228,2025-02-05,Damaged,10796.58
RET00358,ORD007230,2024-05-30,Late Delivery,696.64
RET00359,ORD007236,2025-01-25,Changed Mind,3704.8
RET00360,ORD007285,2025-10-15,Wrong Product,589.5
RET00361,ORD007344,2024-05-19,Changed Mind,7071.52
RET00362,ORD007409,2025-01-21,Product Not as Expected,5962.93
RET00363,ORD007423,2024-12-04,Late Delivery,7858.14
RET00364,ORD007425,2025-02-24,Poor Quality,7666.39
RET00365,ORD007428,2024-11-24,Late Delivery,11735.53
RET00366,ORD007478,2024-09-19,Damaged,8941.84
RET00367,ORD007502,2025-01-08,Poor Quality,6820.01
RET00368,ORD007513,2025-05-07,Late Delivery,7142.84
RET00369,ORD007521,2024-09-05,Size/Fit Issue,8016.81
RET00370,ORD007523,2024-08-14,Size/Fit Issue,6004.79
RET00371,ORD007525,2025-12-19,Changed Mind,6830.37
RET00372,ORD007547,2025-08-05,Damaged,10834.92
RET00373,ORD007607,2024-02-03,Damaged,9540.47
RET00374,ORD007608,2024-09-26,Late Delivery,2793.36
RET00375,ORD007610,2025-03-01,Size/Fit Issue,814.21
RET00376,ORD007618,2025-05-20,Poor Quality,8202.8
RET00377,ORD007671,2024-02-18,Damaged,7123.59
RET00378,ORD007675,2024-08-16,Poor Quality,695.63
RET00379,ORD007697,2025-10-07,Poor Quality,9570.45
RET00380,ORD007771,2024-05-07,Product Not as Expected,10328.81
RET00381,ORD007788,2025-10-24,Damaged,3508.95
RET00382,ORD007793,2025-06-20,Changed Mind,3513.99
RET00383,ORD007815,2025-07-11,Size/Fit Issue,8097.97
RET00384,ORD007817,2024-07-20,Size/Fit Issue,1127.14
RET00385,ORD007856,2025-07-01,Changed Mind,8913.53
RET00386,ORD007879,2025-09-05,Poor Quality,5539.19
RET00387,ORD007912,2025-01-16,Poor Quality,6204.23
RET00388,ORD007958,2024-11-09,Late Delivery,2385.48
RET00389,ORD007968,2025-03-10,Damaged,11139.79
RET00390,ORD007969,2025-01-18,Changed Mind,8166.7
RET00391,ORD007991,2025-08-29,Changed Mind,8067.61
RET00392,ORD007993,2025-10-31,Wrong Product,8526.44
RET00393,ORD007999,2025-07-15,Wrong Product,3726.87
RET00394,ORD008003,2025-07-03,Size/Fit Issue,819.62
RET00395,ORD008031,2025-05-29,Product Not as Expected,10172.25
RET00396,ORD008060,2024-10-27,Size/Fit Issue,6210.58
RET00397,ORD008063,2025-10-18,Changed Mind,4798.72
RET00398,ORD008066,2024-09-01,Poor Quality,10268.53
RET00399,ORD008152,2025-11-16,Changed Mind,3367.01
RET00400,ORD008177,2024-06-16,Damaged,3128.33
RET00401,ORD008178,2024-08-19,Product Not as Expected,1955.35
RET00402,ORD008180,2024-04-01,Late Delivery,1664.4
RET00403,ORD008193,2024-02-02,Late Delivery,10503.8
RET00404,ORD008228,2025-06-01,Changed Mind,8846.17
RET00405,ORD008291,2024-05-25,Changed Mind,1392.48
RET00406,ORD008297,2025-07-18,Changed Mind,6919.83
RET00407,ORD008325,2025-07-03,Wrong Product,1850.11
RET00408,ORD008396,2025-03-14,Damaged,4667.59
RET00409,ORD008417,2025-09-18,Size/Fit Issue,968.1
RET00410,ORD008432,2024-11-20,Poor Quality,5572.84
RET00411,ORD008438,2024-05-02,Size/Fit Issue,2230.47
RET00412,ORD008459,2024-09-05,Product Not as Expected,6105.85
RET00413,ORD008523,2024-05-29,Product Not as Expected,1728.09
RET00414,ORD008524,2025-04-12,Changed Mind,7682.31
RET00415,ORD008548,2024-08-15,Changed Mind,6811.09
RET00416,ORD008553,2024-01-25,Damaged,5214.38
RET00417,ORD008562,2025-02-25,Wrong Product,3558.38
RET00418,ORD008651,2025-03-21,Product Not as Expected,11129.89
RET00419,ORD008745,2025-08-08,Size/Fit Issue,4668.1
RET00420,ORD008748,2025-05-14,Size/Fit Issue,4554.8
RET00421,ORD008805,2025-08-28,Poor Quality,10910.11
RET00422,ORD008831,2024-11-08,Size/Fit Issue,3179.86
RET00423,ORD008840,2025-11-13,Wrong Product,11055.44
RET00424,ORD008888,2025-07-25,Wrong Product,9256.49
RET00425,ORD008918,2024-09-20,Damaged,4108.52
RET00426,ORD008947,2024-02-26,Size/Fit Issue,8045.96
RET00427,ORD008959,2024-03-30,Changed Mind,9670.88
RET00428,ORD008966,2024-05-20,Poor Quality,8070.0
RET00429,ORD008969,2024-02-18,Late Delivery,3602.61
RET00430,ORD008992,2025-05-27,Late Delivery,683.5
RET00431,ORD009018,2024-01-27,Product Not as Expected,4150.34
RET00432,ORD009032,2025-12-07,Wrong Product,760.11
RET00433,ORD009101,2024-05-12,Size/Fit Issue,557.5
RET00434,ORD009138,2025-10-28,Poor Quality,5948.75
RET00435,ORD009156,2024-04-18,Wrong Product,5671.34
RET00436,ORD009185,2024-12-03,Damaged,7252.58
RET00437,ORD009190,2024-05-30,Size/Fit Issue,11174.68
RET00438,ORD009191,2025-10-16,Damaged,9027.66
RET00439,ORD009196,2024-05-02,Poor Quality,1187.07
RET00440,ORD009230,2024-04-23,Size/Fit Issue,7848.29
RET00441,ORD009253,2025-09-23,Damaged,5224.19
RET00442,ORD009285,2024-12-04,Damaged,9369.67
RET00443,ORD009302,2025-10-14,Wrong Product,7827.86
RET00444,ORD009313,2024-10-22,Wrong Product,9351.39
RET00445,ORD009319,2024-09-16,Size/Fit Issue,6057.4
RET00446,ORD009347,2025-08-24,Damaged,3089.18
RET00447,ORD009417,2025-11-08,Poor Quality,6922.47
RET00448,ORD009474,2025-07-07,Wrong Product,9966.05
RET00449,ORD009477,2024-04-14,Product Not as Expected,2015.94
RET00450,ORD009490,2024-08-14,Changed Mind,10760.77
RET00451,ORD009541,2025-03-07,Product Not as Expected,5544.51
RET00452,ORD009542,2024-09-05,Late Delivery,10222.59
RET00453,ORD009543,2025-05-07,Product Not as Expected,3850.39
RET00454,ORD009561,2025-11-29,Wrong Product,8270.01
RET00455,ORD009571,2025-09-11,Product Not as Expected,6778.78
RET00456,ORD009651,2025-05-01,Late Delivery,8564.24
RET00457,ORD009654,2025-02-09,Size/Fit Issue,6264.87
RET00458,ORD009677,2024-06-22,Poor Quality,10890.43
RET00459,ORD009685,2024-11-07,Wrong Product,2447.21
RET00460,ORD009690,2025-02-16,Late Delivery,6887.88
RET00461,ORD009698,2025-08-07,Wrong Product,5269.28
RET00462,ORD009708,2025-09-04,Product Not as Expected,2516.06
RET00463,ORD009714,2025-04-26,Product Not as Expected,8578.56
RET00464,ORD009719,2025-12-15,Changed Mind,4488.77
RET00465,ORD009746,2025-06-16,Wrong Product,2578.08
RET00466,ORD009834,2024-03-05,Damaged,10965.39
RET00467,ORD009849,2025-11-25,Poor Quality,8504.46
RET00468,ORD009861,2025-06-30,Changed Mind,8932.8
RET00469,ORD009864,2025-03-16,Poor Quality,2030.25
RET00470,ORD009877,2024-08-10,Wrong Product,1450.94
RET00471,ORD010025,2025-05-13,Late Delivery,9597.28
RET00472,ORD010037,2024-12-26,Damaged,7502.56
RET00473,ORD010046,2025-02-15,Late Delivery,6239.11
RET00474,ORD010079,2025-08-13,Size/Fit Issue,10289.26
RET00475,ORD010100,2025-02-26,Poor Quality,7159.24
RET00476,ORD010108,2026-01-04,Late Delivery,7545.59
RET00477,ORD010112,2025-11-23,Changed Mind,6795.28
RET00478,ORD010120,2025-01-16,Damaged,5738.59
RET00479,ORD010185,2024-07-14,Size/Fit Issue,4090.24
RET00480,ORD010198,2024-04-26,Size/Fit Issue,7235.04
RET00481,ORD010216,2024-01-30,Damaged,4977.95
RET00482,ORD010224,2024-12-25,Late Delivery,2180.78
RET00483,ORD010246,2024-05-18,Wrong Product,11734.91
RET00484,ORD010291,2024-06-03,Wrong Product,5738.02
RET00485,ORD010324,2025-05-20,Wrong Product,8011.1
RET00486,ORD010335,2024-05-15,Size/Fit Issue,6332.0
RET00487,ORD010357,2024-11-29,Size/Fit Issue,9181.19
RET00488,ORD010374,2024-09-09,Poor Quality,8040.49
RET00489,ORD010410,2024-08-19,Wrong Product,1664.73
RET00490,ORD010431,2024-08-01,Product Not as Expected,9475.04
RET00491,ORD010438,2024-07-12,Size/Fit Issue,4273.22
RET00492,ORD010447,2025-12-23,Product Not as Expected,4107.95
RET00493,ORD010453,2025-08-07,Product Not as Expected,6043.43
RET00494,ORD010475,2025-10-17,Changed Mind,1242.11
RET00495,ORD010489,2025-11-24,Wrong Product,6817.44
RET00496,ORD010503,2025-11-01,Poor Quality,10019.57
RET00497,ORD010548,2024-12-05,Changed Mind,6715.02
RET00498,ORD010558,2025-04-06,Changed Mind,1500.98
RET00499,ORD010569,2024-11-06,Size/Fit Issue,2543.72
RET00500,ORD010579,2025-05-03,Changed Mind,7416.61
RET00501,ORD010596,2024-06-17,Damaged,6051.32
RET00502,ORD010651,2025-07-03,Size/Fit Issue,5514.56
RET00503,ORD010652,2024-03-07,Wrong Product,10764.35
RET00504,ORD010655,2025-04-23,Changed Mind,3158.9
RET00505,ORD010658,2024-12-29,Size/Fit Issue,7201.44
RET00506,ORD010673,2025-06-01,Changed Mind,5563.82
RET00507,ORD010674,2024-01-09,Late Delivery,1037.63
RET00508,ORD010681,2025-07-29,Poor Quality,8234.41
RET00509,ORD010698,2024-12-15,Product Not as Expected,9641.08
RET00510,ORD010708,2024-10-19,Late Delivery,11533.83
RET00511,ORD010726,2024-09-04,Poor Quality,7509.16
RET00512,ORD010741,2025-04-28,Late Delivery,3544.32
RET00513,ORD010743,2024-12-09,Wrong Product,7207.03
RET00514,ORD010758,2026-01-02,Size/Fit Issue,2199.8
RET00515,ORD010765,2025-12-14,Wrong Product,9214.96
RET00516,ORD010810,2025-02-18,Size/Fit Issue,4635.18
RET00517,ORD010815,2024-07-11,Size/Fit Issue,6605.55
RET00518,ORD010826,2024-09-07,Size/Fit Issue,6076.73
RET00519,ORD010865,2025-01-17,Poor Quality,6058.36
RET00520,ORD010889,2025-04-21,Changed Mind,4114.42
RET00521,ORD010937,2024-07-07,Size/Fit Issue,3977.15
RET00522,ORD010962,2024-11-24,Changed Mind,8286.8
RET00523,ORD010989,2025-12-09,Poor Quality,3165.36
RET00524,ORD011005,2024-06-16,Wrong Product,11624.05
RET00525,ORD011013,2025-07-05,Size/Fit Issue,440.84
RET00526,ORD011058,2024-07-04,Poor Quality,11671.0
RET00527,ORD011091,2024-08-23,Product Not as Expected,2450.82
RET00528,ORD011126,2025-01-28,Poor Quality,8151.58
RET00529,ORD011128,2024-02-13,Size/Fit Issue,9345.53
RET00530,ORD011145,2024-01-28,Changed Mind,3114.54
RET00531,ORD011160,2025-04-04,Size/Fit Issue,2853.49
RET00532,ORD011170,2024-02-05,Damaged,4292.64
RET00533,ORD011176,2024-09-15,Poor Quality,7431.3
RET00534,ORD011197,2024-06-18,Changed Mind,9429.56
RET00535,ORD011226,2024-02-16,Size/Fit Issue,4544.71
RET00536,ORD011234,2024-06-26,Late Delivery,6101.39
RET00537,ORD011263,2025-03-13,Changed Mind,6186.89
RET00538,ORD011283,2025-08-25,Poor Quality,11384.78
RET00539,ORD011321,2024-11-26,Poor Quality,5374.38
RET00540,ORD011342,2024-07-31,Poor Quality,1624.64
RET00541,ORD011346,2025-10-22,Size/Fit Issue,1646.73
RET00542,ORD011356,2025-07-15,Poor Quality,4503.84
RET00543,ORD011364,2024-09-15,Wrong Product,9582.4
RET00544,ORD011405,2024-04-13,Late Delivery,1053.13
RET00545,ORD011428,2024-12-22,Poor Quality,10911.96
RET00546,ORD011445,2025-11-28,Damaged,8201.71
RET00547,ORD011536,2024-04-23,Wrong Product,2918.28
RET00548,ORD011539,2025-10-20,Damaged,8905.9
RET00549,ORD011559,2024-03-01,Late Delivery,2681.93
RET00550,ORD011567,2025-08-19,Poor Quality,2225.08
RET00551,ORD011590,2025-08-10,Damaged,9547.26
RET00552,ORD011601,2024-11-01,Size/Fit Issue,4038.89
RET00553,ORD011623,2026-01-09,Wrong Product,3031.22
RET00554,ORD011632,2025-06-19,Size/Fit Issue,9656.39
RET00555,ORD011649,2024-02-12,Late Delivery,8280.01
RET00556,ORD011652,2025-10-23,Poor Quality,3888.21
RET00557,ORD011655,2025-01-07,Changed Mind,1068.65
RET00558,ORD011697,2025-04-09,Product Not as Expected,1659.29
RET00559,ORD011709,2024-11-24,Poor Quality,10745.68
RET00560,ORD011712,2024-12-02,Late Delivery,11943.54
RET00561,ORD011720,2024-07-01,Poor Quality,10789.94
RET00562,ORD011738,2025-03-19,Product Not as Expected,3045.79
RET00563,ORD011747,2024-02-19,Product Not as Expected,2878.24
RET00564,ORD011776,2024-09-11,Wrong Product,4950.78
RET00565,ORD011801,2024-02-03,Changed Mind,11110.71
RET00566,ORD011826,2025-11-06,Product Not as Expected,9524.23
RET00567,ORD011848,2024-03-29,Damaged,2156.32
RET00568,ORD011852,2025-11-06,Poor Quality,3921.39
RET00569,ORD011857,2025-05-15,Product Not as Expected,8905.74
RET00570,ORD011907,2025-12-08,Product Not as Expected,2031.78
RET00571,ORD011950,2024-10-12,Size/Fit Issue,5871.81
RET00572,ORD011965,2025-03-24,Damaged,11115.2
RET00573,ORD011971,2024-01-31,Size/Fit Issue,8416.43
RET00574,ORD011975,2025-04-24,Damaged,7126.37
RET00575,ORD011987,2024-08-27,Product Not as Expected,5849.64
RET00576,ORD011998,2025-09-16,Size/Fit Issue,1397.63
RET00577,ORD012015,2025-08-21,Size/Fit Issue,1535.3
RET00578,ORD012074,2024-06-23,Poor Quality,6289.91
RET00579,ORD012109,2025-03-10,Poor Quality,8835.79
RET00580,ORD012116,2025-10-20,Poor Quality,5119.85
RET00581,ORD012125,2025-07-22,Size/Fit Issue,704.34
RET00582,ORD012137,2024-03-26,Changed Mind,7196.34
RET00583,ORD012141,2025-03-25,Size/Fit Issue,5506.99
RET00584,ORD012145,2024-08-02,Poor Quality,9912.07
RET00585,ORD012159,2024-09-04,Damaged,819.68
RET00586,ORD012160,2024-02-07,Damaged,5427.85
RET00587,ORD012165,2025-02-17,Changed Mind,5028.66
RET00588,ORD012188,2025-07-05,Damaged,3526.68
RET00589,ORD012197,2024-05-31,Late Delivery,8195.95
RET00590,ORD012225,2024-12-20,Late Delivery,5379.75
RET00591,ORD012283,2025-04-15,Wrong Product,5041.22
RET00592,ORD012291,2025-02-01,Product Not as Expected,4935.58
RET00593,ORD012304,2025-09-01,Late Delivery,1386.33
RET00594,ORD012334,2024-11-22,Size/Fit Issue,11844.08
RET00595,ORD012344,2024-02-13,Size/Fit Issue,10085.24
RET00596,ORD012349,2025-11-01,Product Not as Expected,2667.64
RET00597,ORD012352,2025-12-16,Poor Quality,1168.06
RET00598,ORD012363,2025-03-24,Wrong Product,10528.65
RET00599,ORD012432,2024-04-05,Wrong Product,3459.72
RET00600,ORD012440,2024-04-06,Poor Quality,5231.77
RET00601,ORD012484,2025-12-25,Late Delivery,1950.76
RET00602,ORD012520,2025-11-21,Product Not as Expected,6764.86
RET00603,ORD012521,2024-12-23,Wrong Product,9813.51
RET00604,ORD012526,2024-03-10,Changed Mind,6467.41
RET00605,ORD012534,2024-11-14,Late Delivery,10599.42
RET00606,ORD012546,2025-05-17,Changed Mind,9482.39
RET00607,ORD012599,2024-07-31,Changed Mind,1145.78
RET00608,ORD012643,2024-05-20,Poor Quality,5425.86
RET00609,ORD012659,2024-04-05,Size/Fit Issue,4760.83
RET00610,ORD012668,2025-12-28,Changed Mind,7288.29
RET00611,ORD012705,2025-11-20,Poor Quality,7364.18
RET00612,ORD012717,2024-04-08,Poor Quality,9800.01
RET00613,ORD012722,2026-01-08,Wrong Product,10575.05
RET00614,ORD012732,2025-03-17,Size/Fit Issue,3708.6
RET00615,ORD012794,2024-12-31,Wrong Product,10859.53
RET00616,ORD012799,2025-02-26,Product Not as Expected,4734.29
RET00617,ORD012818,2024-06-13,Poor Quality,1857.12
RET00618,ORD012821,2024-07-13,Poor Quality,3246.32
RET00619,ORD012847,2025-10-29,Size/Fit Issue,3645.25
RET00620,ORD012958,2024-03-22,Damaged,1921.11
RET00621,ORD012962,2024-04-19,Product Not as Expected,2640.01
RET00622,ORD012967,2025-06-25,Wrong Product,11280.18
RET00623,ORD013024,2024-03-20,Damaged,5842.8
RET00624,ORD013031,2025-11-30,Poor Quality,5351.29
RET00625,ORD013056,2025-08-20,Product Not as Expected,10386.09
RET00626,ORD013077,2025-02-09,Wrong Product,3467.53
RET00627,ORD013120,2025-09-28,Size/Fit Issue,4317.71
RET00628,ORD013129,2025-04-14,Late Delivery,8046.75
RET00629,ORD013130,2024-08-31,Poor Quality,4761.2
RET00630,ORD013143,2024-03-15,Size/Fit Issue,4317.33
RET00631,ORD013185,2025-05-21,Product Not as Expected,8263.89
RET00632,ORD013199,2024-06-24,Damaged,2146.93
RET00633,ORD013213,2024-10-31,Late Delivery,3876.61
RET00634,ORD013224,2024-05-31,Changed Mind,2943.48
RET00635,ORD013262,2024-06-24,Product Not as Expected,8153.26
RET00636,ORD013270,2024-04-18,Wrong Product,7099.35
RET00637,ORD013309,2024-03-30,Poor Quality,6960.74
RET00638,ORD013311,2025-07-24,Product Not as Expected,1556.34
RET00639,ORD013336,2025-07-06,Size/Fit Issue,1054.4
RET00640,ORD013348,2025-07-19,Poor Quality,1030.97
RET00641,ORD013352,2025-11-20,Damaged,2207.55
RET00642,ORD013365,2025-09-08,Product Not as Expected,6379.32
RET00643,ORD013368,2025-05-10,Damaged,1935.14
RET00644,ORD013393,2024-04-27,Product Not as Expected,8803.77
RET00645,ORD013409,2025-04-20,Changed Mind,8033.2
RET00646,ORD013420,2024-06-22,Product Not as Expected,6029.87
RET00647,ORD013421,2025-10-11,Late Delivery,10239.23
RET00648,ORD013434,2024-02-16,Late Delivery,8999.42
RET00649,ORD013443,2024-01-26,Poor Quality,9638.41
RET00650,ORD013453,2025-05-03,Product Not as Expected,2152.08
RET00651,ORD013464,2024-11-22,Size/Fit Issue,5842.32
RET00652,ORD013471,2025-10-03,Size/Fit Issue,10745.73
RET00653,ORD013476,2024-03-10,Changed Mind,746.13
RET00654,ORD013479,2024-09-17,Product Not as Expected,325.08
RET00655,ORD013507,2024-03-18,Late Delivery,10396.55
RET00656,ORD013511,2025-07-21,Product Not as Expected,4135.78
RET00657,ORD013516,2025-02-05,Damaged,738.6
RET00658,ORD013554,2025-09-07,Damaged,2854.17
RET00659,ORD013558,2024-01-13,Poor Quality,705.6
RET00660,ORD013581,2025-04-05,Wrong Product,8839.89
RET00661,ORD013582,2025-12-18,Size/Fit Issue,5803.04
RET00662,ORD013615,2024-08-17,Product Not as Expected,11966.4
RET00663,ORD013621,2025-06-07,Poor Quality,8809.44
RET00664,ORD013638,2025-01-05,Size/Fit Issue,3179.35
RET00665,ORD013643,2024-07-29,Product Not as Expected,7902.27
RET00666,ORD013655,2025-05-22,Wrong Product,1592.63
RET00667,ORD013688,2024-01-24,Product Not as Expected,11822.26
RET00668,ORD013694,2024-10-06,Product Not as Expected,9990.94
RET00669,ORD013699,2025-06-07,Poor Quality,4329.37
RET00670,ORD013719,2024-12-23,Size/Fit Issue,490.37
RET00671,ORD013758,2025-08-05,Poor Quality,1023.6
RET00672,ORD013810,2024-10-08,Changed Mind,5548.48
RET00673,ORD013833,2025-05-18,Product Not as Expected,4517.65
RET00674,ORD013838,2024-10-17,Wrong Product,6632.95
RET00675,ORD013842,2025-12-26,Size/Fit Issue,7152.07
RET00676,ORD013844,2024-11-22,Size/Fit Issue,2016.43
RET00677,ORD013867,2024-09-30,Size/Fit Issue,3532.0
RET00678,ORD013890,2024-06-14,Poor Quality,6316.11
RET00679,ORD013918,2024-05-23,Poor Quality,10720.21
RET00680,ORD013920,2024-01-30,Size/Fit Issue,10986.51
RET00681,ORD013925,2024-06-04,Wrong Product,10505.6
RET00682,ORD013946,2025-05-01,Size/Fit Issue,793.1
RET00683,ORD013949,2025-07-03,Product Not as Expected,5450.2
RET00684,ORD013980,2025-09-28,Size/Fit Issue,9656.07
RET00685,ORD013987,2025-08-04,Damaged,4976.89
RET00686,ORD013997,2025-12-09,Wrong Product,3278.77
RET00687,ORD014045,2026-01-10,Wrong Product,11981.19
RET00688,ORD014064,2025-04-04,Damaged,7545.13
RET00689,ORD014074,2025-11-12,Size/Fit Issue,2588.53
RET00690,ORD014098,2025-02-26,Size/Fit Issue,10494.69
RET00691,ORD014149,2024-10-18,Poor Quality,8721.9
RET00692,ORD014167,2024-05-12,Late Delivery,4840.6
RET00693,ORD014176,2025-08-12,Late Delivery,10431.27
RET00694,ORD014214,2025-03-04,Changed Mind,2160.71
RET00695,ORD014240,2024-08-19,Poor Quality,3419.31
RET00696,ORD014286,2025-10-17,Late Delivery,11740.91
RET00697,ORD014347,2024-02-15,Poor Quality,10881.16
RET00698,ORD014351,2025-03-27,Size/Fit Issue,6558.12
RET00699,ORD014444,2024-05-19,Size/Fit Issue,8824.31
RET00700,ORD014455,2024-03-21,Damaged,4697.26
RET00701,ORD014458,2025-04-19,Product Not as Expected,4755.47
RET00702,ORD014503,2024-04-14,Poor Quality,3046.11
RET00703,ORD014505,2024-11-16,Damaged,4834.45
RET00704,ORD014508,2024-07-04,Poor Quality,5963.93
RET00705,ORD014534,2025-12-27,Wrong Product,4210.66
RET00706,ORD014535,2024-03-04,Size/Fit Issue,7771.28
RET00707,ORD014562,2025-02-23,Late Delivery,8915.22
RET00708,ORD014564,2024-03-01,Changed Mind,5566.97
RET00709,ORD014616,2025-01-14,Changed Mind,8290.37
RET00710,ORD014644,2024-12-28,Product Not as Expected,5701.02
RET00711,ORD014659,2025-09-01,Product Not as Expected,11231.72
RET00712,ORD014667,2024-09-01,Damaged,5897.07
RET00713,ORD014693,2025-01-06,Size/Fit Issue,8559.44
RET00714,ORD014704,2025-05-14,Changed Mind,4101.6
RET00715,ORD014709,2024-08-24,Size/Fit Issue,889.68
RET00716,ORD014729,2025-06-22,Damaged,6890.88
RET00717,ORD014738,2025-09-08,Damaged,7518.51
RET00718,ORD014758,2025-07-04,Wrong Product,5446.61
RET00719,ORD014780,2025-12-06,Size/Fit Issue,5174.61
RET00720,ORD014781,2024-08-07,Late Delivery,7091.62
RET00721,ORD014791,2024-04-10,Changed Mind,6588.81
RET00722,ORD014796,2025-04-07,Late Delivery,644.63
RET00723,ORD014857,2024-04-22,Changed Mind,11247.61
RET00724,ORD014892,2025-11-12,Product Not as Expected,7299.02
RET00725,ORD014913,2024-09-03,Damaged,462.62
RET00726,ORD014933,2024-07-24,Changed Mind,7050.15
RET00727,ORD014934,2024-10-07,Late Delivery,8950.43
RET00728,ORD014958,2025-06-03,Poor Quality,1481.49
RET00729,ORD014973,2025-06-07,Poor Quality,10199.8
RET00730,ORD015002,2025-12-31,Late Delivery,8381.52
RET00731,ORD015005,2025-01-21,Product Not as Expected,11555.82
RET00732,ORD015007,2024-08-15,Late Delivery,11691.24
RET00733,ORD015056,2025-07-26,Changed Mind,2837.02
RET00734,ORD015101,2024-03-07,Poor Quality,9175.93
RET00735,ORD015112,2025-08-12,Wrong Product,7820.96
RET00736,ORD015121,2025-01-26,Product Not as Expected,2484.81
RET00737,ORD015141,2025-08-11,Size/Fit Issue,9549.18
RET00738,ORD015150,2024-10-20,Size/Fit Issue,3289.38
RET00739,ORD015152,2025-05-09,Late Delivery,968.26
RET00740,ORD015155,2024-01-18,Wrong Product,6287.41
RET00741,ORD015159,2024-03-16,Poor Quality,10499.24
RET00742,ORD015246,2025-09-29,Poor Quality,10277.69
RET00743,ORD015322,2026-01-03,Damaged,6110.97
RET00744,ORD015340,2025-01-12,Product Not as Expected,10761.8
RET00745,ORD015453,2025-05-17,Product Not as Expected,9080.26
RET00746,ORD015455,2024-03-11,Wrong Product,1404.25
RET00747,ORD015461,2024-09-11,Changed Mind,9565.63
RET00748,ORD015481,2025-04-29,Changed Mind,8323.22
RET00749,ORD015510,2025-01-27,Wrong Product,2900.84
RET00750,ORD015521,2024-01-22,Poor Quality,2220.07
RET00751,ORD015528,2025-07-24,Product Not as Expected,495.8
RET00752,ORD015538,2024-05-25,Size/Fit Issue,1038.75
RET00753,ORD015545,2024-02-06,Poor Quality,11468.3
RET00754,ORD015561,2024-06-29,Poor Quality,1625.24
RET00755,ORD015592,2024-10-07,Product Not as Expected,4693.63
RET00756,ORD015628,2025-06-20,Late Delivery,3123.36
RET00757,ORD015635,2024-03-11,Late Delivery,5042.42
RET00758,ORD015637,2025-12-24,Damaged,9753.75
RET00759,ORD015648,2024-05-10,Poor Quality,4315.75
RET00760,ORD015661,2024-05-30,Product Not as Expected,6502.32
RET00761,ORD015679,2025-09-05,Product Not as Expected,10751.88
RET00762,ORD015691,2025-12-01,Damaged,9481.02
RET00763,ORD015703,2025-03-08,Product Not as Expected,9329.8
RET00764,ORD015716,2025-07-05,Damaged,5716.26
RET00765,ORD015724,2024-04-20,Size/Fit Issue,6547.26
RET00766,ORD015726,2025-10-17,Product Not as Expected,3291.33
RET00767,ORD015731,2024-05-26,Poor Quality,370.94
RET00768,ORD015733,2024-06-27,Size/Fit Issue,11852.47
RET00769,ORD015742,2024-03-01,Product Not as Expected,10530.56
RET00770,ORD015744,2024-10-09,Poor Quality,3428.07
RET00771,ORD015755,2024-06-21,Poor Quality,3099.51
RET00772,ORD015758,2025-04-10,Late Delivery,6174.12
RET00773,ORD015771,2025-06-11,Poor Quality,819.28
RET00774,ORD015775,2024-07-27,Damaged,3840.52
RET00775,ORD015784,2025-07-21,Size/Fit Issue,3731.46
RET00776,ORD015807,2025-10-21,Late Delivery,2807.18
RET00777,ORD015812,2024-04-19,Late Delivery,10296.93
RET00778,ORD015855,2024-08-15,Damaged,1628.71
RET00779,ORD015864,2025-09-07,Wrong Product,10617.59
RET00780,ORD015867,2024-05-24,Size/Fit Issue,5796.93
RET00781,ORD015875,2024-08-13,Poor Quality,9905.22
RET00782,ORD015878,2024-01-30,Size/Fit Issue,7785.28
RET00783,ORD015899,2025-12-29,Wrong Product,11756.64
RET00784,ORD015905,2024-11-28,Poor Quality,9207.76
RET00785,ORD015953,2025-12-03,Damaged,4833.55
RET00786,ORD015976,2025-09-10,Product Not as Expected,10625.25
RET00787,ORD015981,2024-09-09,Product Not as Expected,11197.38
RET00788,ORD016009,2024-07-07,Product Not as Expected,11879.05
RET00789,ORD016039,2024-11-05,Changed Mind,11304.66
RET00790,ORD016069,2025-09-22,Poor Quality,9174.75
RET00791,ORD016094,2025-11-25,Poor Quality,8651.72
RET00792,ORD016134,2024-10-16,Poor Quality,11978.58
RET00793,ORD016153,2025-09-18,Late Delivery,8966.94
RET00794,ORD016159,2025-04-28,Poor Quality,8198.52
RET00795,ORD016177,2024-12-02,Size/Fit Issue,4512.41
RET00796,ORD016189,2024-04-22,Size/Fit Issue,6013.91
RET00797,ORD016205,2024-02-20,Late Delivery,10198.01
RET00798,ORD016228,2024-05-30,Size/Fit Issue,4682.08
RET00799,ORD016238,2024-11-03,Poor Quality,6271.58
RET00800,ORD016270,2024-06-10,Size/Fit Issue,1767.27
RET00801,ORD016332,2024-06-16,Late Delivery,11677.35
RET00802,ORD016362,2024-02-19,Size/Fit Issue,7670.58
RET00803,ORD016441,2024-03-28,Poor Quality,971.42
RET00804,ORD016457,2024-03-19,Late Delivery,1753.93
RET00805,ORD016488,2024-10-09,Wrong Product,8721.95
RET00806,ORD016495,2024-11-05,Damaged,1989.56
RET00807,ORD016520,2025-06-20,Wrong Product,2411.01
RET00808,ORD016526,2025-10-06,Damaged,10658.38
RET00809,ORD016537,2025-02-26,Product Not as Expected,3299.11
RET00810,ORD016554,2025-02-10,Product Not as Expected,8214.62
RET00811,ORD016555,2024-10-09,Changed Mind,6898.07
RET00812,ORD016560,2024-10-13,Size/Fit Issue,8674.86
RET00813,ORD016574,2024-07-11,Wrong Product,7233.73
RET00814,ORD016583,2026-01-07,Size/Fit Issue,2937.37
RET00815,ORD016603,2024-06-27,Poor Quality,5357.57
RET00816,ORD016618,2025-06-10,Poor Quality,8354.51
RET00817,ORD016620,2025-02-20,Changed Mind,2382.57
RET00818,ORD016636,2025-10-19,Changed Mind,11274.93
RET00819,ORD016659,2024-07-29,Changed Mind,343.45
RET00820,ORD016677,2025-10-13,Late Delivery,2194.36
RET00821,ORD016688,2025-08-20,Poor Quality,5830.48
RET00822,ORD016713,2024-10-24,Changed Mind,6300.44
RET00823,ORD016714,2024-05-31,Changed Mind,6035.28
RET00824,ORD016718,2024-04-21,Poor Quality,8574.56
RET00825,ORD016722,2025-01-03,Poor Quality,7763.41
RET00826,ORD016790,2024-04-03,Late Delivery,5657.65
RET00827,ORD016838,2025-10-05,Poor Quality,733.17
RET00828,ORD016855,2025-08-07,Size/Fit Issue,6299.58
RET00829,ORD016893,2024-10-05,Changed Mind,470.82
RET00830,ORD016898,2025-09-30,Size/Fit Issue,6580.06
RET00831,ORD016913,2024-07-10,Late Delivery,11460.45
RET00832,ORD016930,2025-07-31,Late Delivery,10119.59
RET00833,ORD016939,2025-04-29,Wrong Product,6807.64
RET00834,ORD016946,2025-01-11,Changed Mind,6864.45
RET00835,ORD016948,2025-04-30,Changed Mind,11906.87
RET00836,ORD016955,2025-12-07,Product Not as Expected,389.5
RET00837,ORD016967,2025-07-03,Size/Fit Issue,2593.22
RET00838,ORD016971,2024-11-06,Wrong Product,5088.99
RET00839,ORD017015,2024-06-21,Product Not as Expected,10308.57
RET00840,ORD017025,2025-04-29,Changed Mind,7717.47
RET00841,ORD017047,2024-08-11,Damaged,7921.89
RET00842,ORD017059,2025-01-21,Product Not as Expected,1069.64
RET00843,ORD017102,2025-04-24,Damaged,10925.68
RET00844,ORD017125,2024-08-06,Damaged,4201.96
RET00845,ORD017147,2024-03-08,Size/Fit Issue,9589.86
RET00846,ORD017158,2026-01-04,Damaged,8808.78
RET00847,ORD017164,2025-06-12,Late Delivery,10518.13
RET00848,ORD017171,2025-10-01,Poor Quality,8405.97
RET00849,ORD017176,2025-01-11,Wrong Product,11497.64
RET00850,ORD017194,2024-03-05,Product Not as Expected,523.66
RET00851,ORD017207,2025-11-03,Poor Quality,7147.47
RET00852,ORD017208,2024-06-05,Size/Fit Issue,5564.18
RET00853,ORD017215,2025-05-13,Size/Fit Issue,8514.32
RET00854,ORD017260,2025-08-12,Wrong Product,1839.57
RET00855,ORD017265,2024-07-15,Changed Mind,4182.19
RET00856,ORD017294,2024-07-29,Poor Quality,8965.91
RET00857,ORD017298,2025-01-16,Late Delivery,6436.25
RET00858,ORD017343,2025-03-03,Late Delivery,465.67
RET00859,ORD017359,2025-09-04,Damaged,603.94
RET00860,ORD017427,2025-02-25,Poor Quality,6512.78
RET00861,ORD017489,2025-09-06,Size/Fit Issue,304.15
RET00862,ORD017490,2025-04-03,Wrong Product,1980.81
RET00863,ORD017506,2024-02-09,Size/Fit Issue,4363.87
RET00864,ORD017545,2025-10-11,Size/Fit Issue,7337.24
RET00865,ORD017569,2024-03-02,Size/Fit Issue,10878.57
RET00866,ORD017574,2025-03-16,Size/Fit Issue,11621.96
RET00867,ORD017605,2024-01-15,Size/Fit Issue,7052.18
RET00868,ORD017620,2024-11-11,Damaged,2127.88
RET00869,ORD017644,2025-08-23,Wrong Product,922.12
RET00870,ORD017659,2025-04-22,Size/Fit Issue,8552.52
RET00871,ORD017662,2025-11-20,Late Delivery,6671.63
RET00872,ORD017698,2025-06-11,Product Not as Expected,6414.93
RET00873,ORD017703,2024-09-29,Product Not as Expected,3666.62
RET00874,ORD017705,2025-08-07,Late Delivery,2934.28
RET00875,ORD017725,2024-04-07,Product Not as Expected,8116.56
RET00876,ORD017728,2024-04-02,Size/Fit Issue,2391.21
RET00877,ORD017739,2025-10-15,Changed Mind,5469.91
RET00878,ORD017748,2024-03-10,Wrong Product,5686.66
RET00879,ORD017763,2024-12-04,Damaged,8375.94
RET00880,ORD017764,2024-12-24,Changed Mind,759.33
RET00881,ORD017800,2024-04-16,Product Not as Expected,2911.14
RET00882,ORD017805,2024-07-25,Damaged,1805.47
RET00883,ORD017824,2025-12-01,Size/Fit Issue,2743.67
RET00884,ORD017836,2025-05-22,Poor Quality,4760.27
RET00885,ORD017845,2025-04-24,Damaged,11625.45
RET00886,ORD017846,2025-04-18,Wrong Product,751.2
RET00887,ORD017908,2024-11-03,Poor Quality,5912.45
RET00888,ORD017912,2025-12-15,Damaged,5560.8
RET00889,ORD017916,2025-04-27,Size/Fit Issue,2601.85
RET00890,ORD017941,2024-01-26,Wrong Product,11160.3
RET00891,ORD017945,2024-11-12,Damaged,7722.59
RET00892,ORD017959,2025-10-16,Late Delivery,11769.39
RET00893,ORD017961,2024-04-28,Wrong Product,11954.64
RET00894,ORD017963,2025-07-21,Poor Quality,6180.59
RET00895,ORD017970,2024-12-21,Poor Quality,509.93
RET00896,ORD017979,2024-11-01,Size/Fit Issue,9353.52
RET00897,ORD018056,2024-09-21,Poor Quality,7526.81
RET00898,ORD018058,2025-12-01,Product Not as Expected,9307.79
RET00899,ORD018069,2025-07-26,Size/Fit Issue,10012.33
RET00900,ORD018076,2024-12-06,Size/Fit Issue,937.81
RET00901,ORD018078,2024-02-27,Product Not as Expected,1890.03
RET00902,ORD018084,2024-02-24,Damaged,11426.5
RET00903,ORD018085,2024-05-03,Late Delivery,6540.98
RET00904,ORD018133,2025-01-23,Product Not as Expected,6656.96
RET00905,ORD018144,2025-11-26,Changed Mind,1089.21
RET00906,ORD018166,2025-08-12,Late Delivery,10777.8
RET00907,ORD018168,2025-12-13,Wrong Product,4711.12
RET00908,ORD018178,2024-03-07,Changed Mind,3038.24
RET00909,ORD018182,2025-04-13,Product Not as Expected,10779.16
RET00910,ORD018208,2025-11-08,Late Delivery,8478.55
RET00911,ORD018227,2024-02-13,Size/Fit Issue,6977.78
RET00912,ORD018252,2024-01-28,Changed Mind,7139.23
RET00913,ORD018266,2024-04-17,Wrong Product,3473.99
RET00914,ORD018304,2024-05-15,Changed Mind,1109.94
RET00915,ORD018311,2024-12-15,Product Not as Expected,9361.97
RET00916,ORD018317,2024-02-21,Damaged,3164.8
RET00917,ORD018343,2025-08-01,Wrong Product,7714.16
RET00918,ORD018348,2025-05-28,Changed Mind,11867.62
RET00919,ORD018375,2024-09-16,Damaged,11969.93
RET00920,ORD018383,2025-07-13,Product Not as Expected,4494.35
RET00921,ORD018415,2025-06-03,Product Not as Expected,4303.47
RET00922,ORD018417,2024-10-29,Wrong Product,11891.47
RET00923,ORD018442,2024-02-21,Late Delivery,5420.11
RET00924,ORD018491,2024-03-11,Wrong Product,4650.76
RET00925,ORD018511,2024-08-06,Product Not as Expected,3326.42
RET00926,ORD018513,2024-04-13,Late Delivery,895.92
RET00927,ORD018573,2024-03-06,Product Not as Expected,1607.11
RET00928,ORD018605,2024-05-31,Poor Quality,2466.51
RET00929,ORD018622,2024-11-07,Size/Fit Issue,10217.56
RET00930,ORD018631,2025-02-18,Product Not as Expected,11491.66
RET00931,ORD018650,2025-10-21,Wrong Product,7469.27
RET00932,ORD018683,2026-01-02,Poor Quality,6665.33
RET00933,ORD018690,2025-02-01,Size/Fit Issue,9173.79
RET00934,ORD018719,2024-04-29,Product Not as Expected,10363.08
RET00935,ORD018733,2024-11-26,Product Not as Expected,2716.48
RET00936,ORD018750,2025-10-10,Changed Mind,10899.37
RET00937,ORD018761,2024-09-08,Damaged,10765.87
RET00938,ORD018768,2024-04-14,Size/Fit Issue,3707.3
RET00939,ORD018772,2025-07-22,Poor Quality,2624.48
RET00940,ORD018792,2024-01-13,Poor Quality,10220.34
RET00941,ORD018855,2025-04-04,Poor Quality,4725.28
RET00942,ORD018858,2024-05-21,Changed Mind,10299.31
RET00943,ORD018901,2025-10-04,Product Not as Expected,5402.19
RET00944,ORD018917,2024-11-11,Changed Mind,9604.09
RET00945,ORD018938,2024-06-15,Late Delivery,6562.5
RET00946,ORD018985,2024-07-04,Wrong Product,5597.42
RET00947,ORD018999,2025-05-23,Damaged,3658.0
RET00948,ORD019057,2024-07-21,Size/Fit Issue,9038.7
RET00949,ORD019071,2024-06-23,Wrong Product,4152.66
RET00950,ORD019104,2025-05-07,Wrong Product,5695.73
RET00951,ORD019114,2024-06-24,Late Delivery,4493.12
RET00952,ORD019118,2025-11-12,Size/Fit Issue,9933.02
RET00953,ORD019139,2024-05-25,Poor Quality,3170.74
RET00954,ORD019212,2025-03-06,Size/Fit Issue,7304.3
RET00955,ORD019236,2024-11-10,Late Delivery,1413.18
RET00956,ORD019313,2025-11-05,Product Not as Expected,2713.22
RET00957,ORD019337,2024-06-06,Size/Fit Issue,931.6
RET00958,ORD019370,2025-08-09,Poor Quality,9109.3
RET00959,ORD019384,2024-01-28,Wrong Product,5440.32
RET00960,ORD019443,2025-09-16,Product Not as Expected,6420.98
RET00961,ORD019473,2025-01-06,Changed Mind,7017.86
RET00962,ORD019474,2025-03-05,Damaged,10920.28
RET00963,ORD019483,2024-06-30,Wrong Product,537.26
RET00964,ORD019490,2024-11-04,Wrong Product,7496.34
RET00965,ORD019519,2024-06-28,Damaged,10894.96
RET00966,ORD019524,2024-05-09,Damaged,6785.16
RET00967,ORD019529,2025-06-28,Late Delivery,3055.19
RET00968,ORD019540,2024-12-12,Wrong Product,3485.15
RET00969,ORD019555,2024-11-20,Late Delivery,5361.57
RET00970,ORD019598,2024-02-27,Product Not as Expected,3935.19
RET00971,ORD019599,2025-11-11,Wrong Product,9028.4
RET00972,ORD019613,2025-01-13,Size/Fit Issue,6801.03
RET00973,ORD019631,2024-03-28,Product Not as Expected,2706.27
RET00974,ORD019640,2024-11-25,Damaged,7853.4
RET00975,ORD019645,2024-11-01,Wrong Product,9152.17
RET00976,ORD019653,2025-06-15,Wrong Product,8090.52
RET00977,ORD019689,2025-01-26,Product Not as Expected,7357.34
RET00978,ORD019733,2024-05-12,Product Not as Expected,7645.08
RET00979,ORD019748,2024-11-29,Product Not as Expected,4646.41
RET00980,ORD019749,2025-04-30,Damaged,9458.75
RET00981,ORD019755,2025-01-19,Size/Fit Issue,8731.78
RET00982,ORD019785,2024-05-04,Poor Quality,9087.03
RET00983,ORD019797,2024-08-01,Changed Mind,3666.53
RET00984,ORD019850,2024-02-20,Late Delivery,2396.94
RET00985,ORD019853,2025-06-14,Size/Fit Issue,2078.99
RET00986,ORD019872,2024-02-03,Wrong Product,11648.58
RET00987,ORD019901,2025-11-29,Damaged,5979.69
RET00988,ORD019913,2024-12-13,Poor Quality,2855.58
RET00989,ORD019922,2025-09-01,Product Not as Expected,1498.37
RET00990,ORD019933,2025-03-24,Damaged,10215.67
RET00991,ORD019935,2025-07-10,Poor Quality,318.9
RET00992,ORD019953,2024-04-13,Damaged,5810.83
RET00993,ORD020005,2025-08-18,Changed Mind,10152.58
RET00994,ORD020044,2025-10-17,Size/Fit Issue,10203.08
RET00995,ORD020054,2025-04-24,Changed Mind,10531.68
RET00996,ORD020081,2024-01-27,Product Not as Expected,4981.0
RET00997,ORD020093,2024-10-28,Damaged,7669.73
RET00998,ORD020102,2024-11-21,Late Delivery,4618.81
RET00999,ORD020105,2025-01-22,Damaged,6559.68
RET01000,ORD020131,2024-02-29,Size/Fit Issue,10090.36
RET01001,ORD020141,2024-06-04,Product Not as Expected,3134.55
RET01002,ORD020171,2025-12-22,Damaged,2106.05
RET01003,ORD020194,2025-08-30,Product Not as Expected,4637.39
RET01004,ORD020212,2025-09-15,Late Delivery,5333.74
RET01005,ORD020215,2025-08-23,Size/Fit Issue,6864.78
RET01006,ORD020248,2024-06-21,Late Delivery,6905.08
RET01007,ORD020252,2024-10-29,Wrong Product,9813.4
RET01008,ORD020276,2025-09-13,Size/Fit Issue,744.73
RET01009,ORD020299,2025-12-06,Changed Mind,5490.96
RET01010,ORD020306,2025-10-31,Changed Mind,6995.84
RET01011,ORD020338,2025-12-04,Changed Mind,11589.88
RET01012,ORD020369,2026-01-12,Product Not as Expected,5742.58
RET01013,ORD020375,2024-12-26,Damaged,4134.39
RET01014,ORD020379,2024-05-20,Product Not as Expected,1714.86
RET01015,ORD020389,2024-09-12,Wrong Product,2438.68
RET01016,ORD020410,2024-02-20,Size/Fit Issue,7915.64
RET01017,ORD020417,2024-05-07,Size/Fit Issue,5226.77
RET01018,ORD020443,2024-04-05,Product Not as Expected,9915.8
RET01019,ORD020471,2024-02-10,Size/Fit Issue,2218.97
RET01020,ORD020498,2024-07-02,Wrong Product,10074.82
RET01021,ORD020506,2024-09-04,Size/Fit Issue,6943.24
RET01022,ORD020509,2025-06-13,Changed Mind,10534.19
RET01023,ORD020534,2024-05-19,Poor Quality,6045.21
RET01024,ORD020548,2024-11-06,Product Not as Expected,2870.1
RET01025,ORD020557,2024-03-28,Damaged,9471.02
RET01026,ORD020627,2024-01-24,Changed Mind,4637.92
RET01027,ORD020630,2024-05-25,Wrong Product,2204.67
RET01028,ORD020640,2025-11-27,Changed Mind,10558.8
RET01029,ORD020740,2025-09-12,Poor Quality,9284.05
RET01030,ORD020799,2024-09-30,Poor Quality,783.65
RET01031,ORD020803,2024-12-10,Size/Fit Issue,1447.02
RET01032,ORD020819,2026-01-07,Product Not as Expected,6967.43
RET01033,ORD020862,2024-09-01,Late Delivery,2486.33
RET01034,ORD020888,2025-08-25,Wrong Product,7296.24
RET01035,ORD020897,2024-05-09,Damaged,4319.18
RET01036,ORD020908,2024-01-31,Late Delivery,3318.17
RET01037,ORD020915,2024-05-30,Size/Fit Issue,4915.96
RET01038,ORD020959,2024-12-29,Product Not as Expected,6174.37
RET01039,ORD020997,2024-06-09,Damaged,1632.5
RET01040,ORD021022,2025-01-29,Damaged,6855.39
RET01041,ORD021034,2025-09-08,Late Delivery,6437.87
RET01042,ORD021055,2024-08-31,Product Not as Expected,5608.71
RET01043,ORD021100,2024-03-27,Damaged,4323.06
RET01044,ORD021114,2025-02-18,Late Delivery,1194.84
RET01045,ORD021116,2025-03-26,Changed Mind,860.76
RET01046,ORD021173,2025-04-16,Size/Fit Issue,10157.58
RET01047,ORD021200,2024-01-25,Changed Mind,5589.15
RET01048,ORD021243,2024-04-07,Late Delivery,2434.22
RET01049,ORD021244,2025-10-12,Damaged,5875.01
RET01050,ORD021248,2024-03-08,Size/Fit Issue,7750.76
RET01051,ORD021280,2024-04-05,Changed Mind,6350.55
RET01052,ORD021310,2025-06-29,Wrong Product,5904.5
RET01053,ORD021360,2025-10-01,Changed Mind,1251.84
RET01054,ORD021409,2024-02-20,Product Not as Expected,1917.46
RET01055,ORD021423,2025-11-30,Damaged,11872.52
RET01056,ORD021464,2024-04-16,Product Not as Expected,7764.1
RET01057,ORD021494,2024-05-07,Product Not as Expected,8566.78
RET01058,ORD021496,2024-09-29,Damaged,3849.08
RET01059,ORD021525,2025-01-01,Product Not as Expected,9267.04
RET01060,ORD021530,2025-11-23,Late Delivery,4333.63
RET01061,ORD021612,2024-02-08,Size/Fit Issue,8770.36
RET01062,ORD021632,2025-07-24,Product Not as Expected,1226.05
RET01063,ORD021644,2025-07-30,Late Delivery,7458.67
RET01064,ORD021653,2024-02-24,Late Delivery,6248.31
RET01065,ORD021667,2025-06-07,Poor Quality,3584.82
RET01066,ORD021683,2024-08-11,Late Delivery,4945.45
RET01067,ORD021694,2025-04-18,Product Not as Expected,4947.36
RET01068,ORD021712,2025-10-05,Size/Fit Issue,2784.88
RET01069,ORD021740,2025-03-16,Product Not as Expected,10687.99
RET01070,ORD021751,2024-03-14,Poor Quality,4206.78
RET01071,ORD021784,2025-11-15,Poor Quality,2508.68
RET01072,ORD021803,2025-01-09,Late Delivery,4350.56
RET01073,ORD021820,2024-07-05,Product Not as Expected,9708.73
RET01074,ORD021849,2025-09-19,Product Not as Expected,1358.95
RET01075,ORD021876,2024-08-13,Poor Quality,2579.93
RET01076,ORD021890,2025-12-13,Damaged,6570.31
RET01077,ORD021897,2025-02-14,Size/Fit Issue,3299.99
RET01078,ORD021908,2025-09-26,Damaged,7899.03
RET01079,ORD021933,2024-12-30,Late Delivery,7046.14
RET01080,ORD021966,2024-04-24,Damaged,5497.56
RET01081,ORD022006,2024-10-08,Changed Mind,6410.05
RET01082,ORD022039,2025-12-06,Size/Fit Issue,2439.01
RET01083,ORD022098,2024-08-23,Damaged,11557.08
RET01084,ORD022101,2024-11-24,Wrong Product,4457.96
RET01085,ORD022136,2025-07-06,Poor Quality,6422.53
RET01086,ORD022145,2025-01-16,Size/Fit Issue,3110.94
RET01087,ORD022154,2025-09-23,Wrong Product,5971.02
RET01088,ORD022161,2025-03-10,Size/Fit Issue,7882.6
RET01089,ORD022209,2024-09-04,Damaged,1901.61
RET01090,ORD022232,2025-01-09,Changed Mind,10975.95
RET01091,ORD022239,2025-10-11,Size/Fit Issue,3481.55
RET01092,ORD022253,2025-01-07,Poor Quality,10338.91
RET01093,ORD022264,2025-09-29,Poor Quality,8510.77
RET01094,ORD022272,2025-08-28,Poor Quality,1471.86
RET01095,ORD022288,2024-11-11,Size/Fit Issue,378.41
RET01096,ORD022352,2024-12-26,Late Delivery,3276.19
RET01097,ORD022360,2025-04-05,Late Delivery,11294.33
RET01098,ORD022394,2024-04-04,Size/Fit Issue,1755.06
RET01099,ORD022412,2024-07-24,Wrong Product,11626.56
RET01100,ORD022451,2024-06-04,Poor Quality,9560.84
RET01101,ORD022452,2024-05-22,Damaged,1240.74
RET01102,ORD022456,2025-10-09,Damaged,6046.99
RET01103,ORD022505,2025-06-04,Product Not as Expected,4416.65
RET01104,ORD022512,2024-10-18,Changed Mind,5518.56
RET01105,ORD022532,2024-12-12,Product Not as Expected,3184.61
RET01106,ORD022546,2024-11-04,Size/Fit Issue,11854.4
RET01107,ORD022572,2025-11-09,Size/Fit Issue,2248.93
RET01108,ORD022573,2024-03-23,Size/Fit Issue,9140.54
RET01109,ORD022589,2025-01-16,Wrong Product,10113.49
RET01110,ORD022604,2024-03-11,Damaged,1788.35
RET01111,ORD022607,2025-01-01,Size/Fit Issue,5057.81
RET01112,ORD022622,2025-12-08,Late Delivery,10954.27
RET01113,ORD022640,2024-12-15,Wrong Product,10571.72
RET01114,ORD022655,2025-01-14,Poor Quality,8590.27
RET01115,ORD022700,2024-03-10,Poor Quality,6700.66
RET01116,ORD022702,2024-01-26,Product Not as Expected,5561.23
RET01117,ORD022712,2024-07-27,Poor Quality,6760.36
RET01118,ORD022732,2024-03-17,Product Not as Expected,9677.04
RET01119,ORD022747,2024-05-15,Poor Quality,6892.79
RET01120,ORD022754,2024-11-30,Size/Fit Issue,1924.84
RET01121,ORD022767,2024-10-23,Changed Mind,1871.54
RET01122,ORD022770,2024-09-01,Late Delivery,9746.39
RET01123,ORD022771,2024-04-27,Size/Fit Issue,10434.8
RET01124,ORD022892,2025-02-14,Poor Quality,10989.05
RET01125,ORD022907,2025-02-14,Damaged,7807.88
RET01126,ORD022916,2024-12-13,Poor Quality,11507.39
RET01127,ORD022917,2024-10-12,Size/Fit Issue,4432.28
RET01128,ORD022932,2025-06-26,Product Not as Expected,6991.53
RET01129,ORD022970,2024-02-18,Product Not as Expected,6148.88
RET01130,ORD022979,2024-04-04,Product Not as Expected,1997.19
RET01131,ORD022983,2024-08-15,Wrong Product,4271.06
RET01132,ORD022994,2024-06-05,Damaged,11403.87
RET01133,ORD023012,2025-03-15,Poor Quality,1221.83
RET01134,ORD023057,2025-08-01,Damaged,6740.54
RET01135,ORD023100,2025-10-08,Damaged,3388.83
RET01136,ORD023109,2024-11-01,Damaged,11773.71
RET01137,ORD023120,2024-05-18,Wrong Product,7826.08
RET01138,ORD023125,2024-12-20,Size/Fit Issue,3186.14
RET01139,ORD023252,2024-11-30,Poor Quality,11716.32
RET01140,ORD023262,2024-06-10,Product Not as Expected,1833.04
RET01141,ORD023272,2024-04-09,Size/Fit Issue,7605.71
RET01142,ORD023284,2025-06-13,Product Not as Expected,4265.97
RET01143,ORD023322,2024-02-02,Late Delivery,8775.38
RET01144,ORD023344,2025-07-02,Late Delivery,11823.24
RET01145,ORD023364,2025-09-25,Damaged,2537.33
RET01146,ORD023382,2024-08-21,Size/Fit Issue,4710.26
RET01147,ORD023391,2024-02-11,Wrong Product,6634.27
RET01148,ORD023416,2025-08-30,Damaged,10709.36
RET01149,ORD023434,2025-11-07,Changed Mind,1285.38
RET01150,ORD023462,2024-11-04,Damaged,807.19
RET01151,ORD023474,2024-10-25,Damaged,2239.51
RET01152,ORD023480,2024-08-27,Damaged,2283.06
RET01153,ORD023497,2025-08-02,Product Not as Expected,8073.24
RET01154,ORD023508,2024-04-25,Size/Fit Issue,11593.9
RET01155,ORD023513,2024-10-19,Product Not as Expected,10726.54
RET01156,ORD023518,2024-05-15,Wrong Product,9107.04
RET01157,ORD023522,2025-08-01,Damaged,6948.31
RET01158,ORD023567,2025-04-07,Damaged,3923.36
RET01159,ORD023612,2025-10-26,Changed Mind,5117.82
RET01160,ORD023617,2025-04-16,Poor Quality,7654.33
RET01161,ORD023668,2024-12-28,Product Not as Expected,4578.2
RET01162,ORD023691,2024-07-01,Damaged,11409.09
RET01163,ORD023702,2025-10-15,Damaged,3163.99
RET01164,ORD023745,2024-09-07,Changed Mind,8516.73
RET01165,ORD023817,2025-02-05,Late Delivery,5612.07
RET01166,ORD023825,2025-03-20,Changed Mind,11819.22
RET01167,ORD023829,2024-03-12,Wrong Product,1856.82
RET01168,ORD023837,2024-03-10,Wrong Product,7201.29
RET01169,ORD023839,2025-04-27,Size/Fit Issue,10990.83
RET01170,ORD023843,2025-09-23,Damaged,3696.8
RET01171,ORD023846,2024-04-14,Poor Quality,1223.93
RET01172,ORD023865,2025-10-07,Product Not as Expected,5852.65
RET01173,ORD023879,2024-12-08,Damaged,11909.68
RET01174,ORD023883,2024-02-21,Damaged,7032.76
RET01175,ORD023891,2024-06-02,Changed Mind,2032.06
RET01176,ORD023946,2025-11-09,Product Not as Expected,6708.98
RET01177,ORD023959,2025-07-29,Late Delivery,3559.49
RET01178,ORD024014,2024-11-08,Size/Fit Issue,7000.21
RET01179,ORD024044,2024-08-24,Changed Mind,2595.13
RET01180,ORD024059,2025-08-31,Product Not as Expected,9981.75
RET01181,ORD024104,2024-08-03,Wrong Product,4959.27
RET01182,ORD024137,2025-05-24,Damaged,9477.47
RET01183,ORD024145,2024-07-21,Changed Mind,5214.5
RET01184,ORD024147,2025-05-27,Size/Fit Issue,1080.85
RET01185,ORD024158,2025-02-26,Product Not as Expected,2671.35
RET01186,ORD024176,2025-05-22,Poor Quality,7789.51
RET01187,ORD024181,2026-01-03,Product Not as Expected,8096.39
RET01188,ORD024207,2024-09-15,Late Delivery,417.52
RET01189,ORD024209,2025-12-31,Product Not as Expected,11676.74
RET01190,ORD024217,2025-02-10,Poor Quality,2137.16
RET01191,ORD024244,2025-03-05,Poor Quality,4951.57
RET01192,ORD024247,2024-07-09,Poor Quality,4059.8
RET01193,ORD024257,2025-10-21,Poor Quality,11354.73
RET01194,ORD024271,2024-03-16,Late Delivery,10750.66
RET01195,ORD024347,2025-12-23,Late Delivery,3499.06
RET01196,ORD024370,2024-09-17,Late Delivery,3329.69
RET01197,ORD024372,2025-10-02,Late Delivery,9615.26
RET01198,ORD024375,2025-11-14,Poor Quality,3961.56
RET01199,ORD024401,2025-01-04,Size/Fit Issue,1004.3
RET01200,ORD024410,2024-02-13,Damaged,8350.06
RET01201,ORD024439,2024-04-18,Poor Quality,4056.22
RET01202,ORD024443,2025-10-19,Size/Fit Issue,7941.02
RET01203,ORD024455,2025-01-24,Product Not as Expected,5428.39
RET01204,ORD024469,2024-02-12,Damaged,7786.54
RET01205,ORD024479,2025-01-30,Changed Mind,5884.46
RET01206,ORD024485,2024-05-30,Late Delivery,11518.02
RET01207,ORD024508,2025-06-20,Product Not as Expected,8197.48
RET01208,ORD024512,2024-08-11,Damaged,9714.94
RET01209,ORD024530,2025-02-13,Size/Fit Issue,8078.62
RET01210,ORD024545,2024-12-20,Size/Fit Issue,10633.0
RET01211,ORD024548,2025-01-11,Size/Fit Issue,6344.49
RET01212,ORD024586,2024-01-17,Late Delivery,9876.16
RET01213,ORD024588,2025-12-24,Poor Quality,7905.74
RET01214,ORD024668,2025-03-30,Size/Fit Issue,3878.53
RET01215,ORD024689,2025-12-20,Size/Fit Issue,9449.69
RET01216,ORD024698,2025-12-30,Wrong Product,10913.46
RET01217,ORD024709,2025-04-18,Poor Quality,11956.98
RET01218,ORD024748,2025-02-07,Poor Quality,11151.14
RET01219,ORD024758,2025-09-05,Product Not as Expected,9398.93
RET01220,ORD024779,2024-06-01,Size/Fit Issue,1526.55
RET01221,ORD024834,2026-01-05,Size/Fit Issue,5031.94
RET01222,ORD024850,2024-05-03,Size/Fit Issue,4120.04
RET01223,ORD024890,2025-02-04,Damaged,9899.99
RET01224,ORD024985,2024-02-10,Damaged,7935.38
RET01225,ORD025002,2024-05-11,Damaged,6932.81
RET01226,ORD025015,2024-01-18,Poor Quality,11746.25
RET01227,ORD025016,2025-06-03,Product Not as Expected,6225.56
RET01228,ORD025028,2024-12-12,Damaged,2329.95
RET01229,ORD025068,2024-11-15,Wrong Product,653.94
RET01230,ORD025070,2024-09-05,Product Not as Expected,414.1
RET01231,ORD025073,2024-02-16,Damaged,9203.02
RET01232,ORD025087,2024-08-09,Size/Fit Issue,4771.4
RET01233,ORD025102,2024-08-20,Size/Fit Issue,10623.92
RET01234,ORD025122,2025-04-04,Changed Mind,5388.92
RET01235,ORD025149,2025-10-24,Poor Quality,4125.96
RET01236,ORD025154,2024-07-16,Poor Quality,3179.33
RET01237,ORD025184,2025-07-09,Size/Fit Issue,5451.29
RET01238,ORD025206,2025-09-20,Damaged,8116.49
RET01239,ORD025220,2025-08-18,Poor Quality,837.38
RET01240,ORD025248,2024-09-08,Wrong Product,5836.89
RET01241,ORD025265,2024-10-23,Size/Fit Issue,11175.54
RET01242,ORD025273,2024-02-14,Size/Fit Issue,7547.82
RET01243,ORD025296,2024-10-30,Size/Fit Issue,7674.18
RET01244,ORD025315,2024-01-19,Changed Mind,7450.75
RET01245,ORD025352,2024-06-18,Product Not as Expected,4999.05
RET01246,ORD025373,2025-09-22,Poor Quality,3557.1
RET01247,ORD025375,2025-01-08,Changed Mind,3167.47
RET01248,ORD025422,2025-12-13,Wrong Product,7549.97
RET01249,ORD025427,2025-12-18,Wrong Product,4873.55
RET01250,ORD025467,2025-04-10,Damaged,1844.45
RET01251,ORD025520,2026-01-13,Product Not as Expected,8497.71
RET01252,ORD025529,2025-04-30,Changed Mind,7434.1
RET01253,ORD025620,2025-01-02,Poor Quality,1592.37
RET01254,ORD025628,2024-07-18,Damaged,6714.97
RET01255,ORD025666,2024-10-09,Poor Quality,4784.68
RET01256,ORD025733,2025-02-17,Wrong Product,4426.11
RET01257,ORD025748,2025-07-14,Product Not as Expected,2406.62
RET01258,ORD025753,2024-09-27,Product Not as Expected,3172.38
RET01259,ORD025758,2025-11-29,Late Delivery,8403.18
RET01260,ORD025763,2024-03-29,Wrong Product,9484.87
RET01261,ORD025788,2026-01-18,Poor Quality,5176.13
RET01262,ORD025794,2025-03-29,Late Delivery,3050.83
RET01263,ORD025803,2024-08-25,Damaged,9640.69
RET01264,ORD025806,2025-03-04,Changed Mind,11217.07
RET01265,ORD025816,2024-03-01,Product Not as Expected,10697.18
RET01266,ORD025837,2025-04-18,Size/Fit Issue,8889.02
RET01267,ORD025880,2024-05-03,Damaged,7421.26
RET01268,ORD025918,2024-04-01,Poor Quality,7344.46
RET01269,ORD025981,2024-03-23,Poor Quality,2016.53
RET01270,ORD025983,2025-05-08,Size/Fit Issue,9747.25
RET01271,ORD025996,2025-09-26,Changed Mind,8256.94
RET01272,ORD026019,2025-11-30,Poor Quality,6902.31
RET01273,ORD026054,2024-11-29,Damaged,1728.4
RET01274,ORD026154,2025-06-05,Damaged,11008.73
RET01275,ORD026211,2024-12-12,Changed Mind,10869.99
RET01276,ORD026246,2024-08-14,Product Not as Expected,1252.71
RET01277,ORD026281,2025-11-03,Wrong Product,11778.02
RET01278,ORD026302,2024-07-25,Product Not as Expected,5838.88
RET01279,ORD026303,2025-06-23,Wrong Product,9749.52
RET01280,ORD026325,2025-08-08,Size/Fit Issue,9196.06
RET01281,ORD026355,2024-11-12,Wrong Product,5990.23
RET01282,ORD026360,2025-11-26,Poor Quality,10237.89
RET01283,ORD026423,2025-06-25,Damaged,1736.31
RET01284,ORD026424,2024-07-30,Size/Fit Issue,1589.96
RET01285,ORD026429,2024-07-16,Poor Quality,4816.79
RET01286,ORD026454,2024-08-27,Changed Mind,8027.28
RET01287,ORD026509,2025-07-04,Size/Fit Issue,4532.6
RET01288,ORD026511,2024-12-08,Damaged,10722.19
RET01289,ORD026535,2025-12-09,Size/Fit Issue,2501.82
RET01290,ORD026549,2024-09-30,Product Not as Expected,5210.45
RET01291,ORD026554,2025-02-18,Wrong Product,1244.64
RET01292,ORD026560,2025-08-26,Wrong Product,5120.93
RET01293,ORD026569,2024-06-10,Wrong Product,2486.69
RET01294,ORD026578,2024-02-23,Product Not as Expected,4987.98
RET01295,ORD026613,2025-08-31,Wrong Product,11382.28
RET01296,ORD026614,2024-10-16,Size/Fit Issue,5878.76
RET01297,ORD026638,2024-02-23,Poor Quality,10215.52
RET01298,ORD026650,2026-01-18,Poor Quality,8009.39
RET01299,ORD026736,2025-02-19,Changed Mind,2988.19
RET01300,ORD026749,2024-11-06,Wrong Product,11873.42
RET01301,ORD026766,2024-11-27,Product Not as Expected,3966.26
RET01302,ORD026787,2025-04-06,Size/Fit Issue,3508.14
RET01303,ORD026792,2024-11-03,Product Not as Expected,6657.81
RET01304,ORD026809,2025-05-29,Changed Mind,10501.78
RET01305,ORD026811,2024-06-04,Poor Quality,7537.56
RET01306,ORD026813,2025-01-05,Product Not as Expected,11743.99
RET01307,ORD026830,2024-11-11,Damaged,2869.28
RET01308,ORD026849,2025-01-06,Poor Quality,5210.39
RET01309,ORD026870,2025-01-31,Damaged,3806.48
RET01310,ORD026906,2025-02-21,Changed Mind,1972.59
RET01311,ORD026931,2024-05-25,Wrong Product,6250.04
RET01312,ORD026933,2025-03-01,Late Delivery,8043.37
RET01313,ORD026971,2024-02-05,Product Not as Expected,4338.15
RET01314,ORD026981,2024-04-14,Poor Quality,2534.56
RET01315,ORD027026,2025-12-14,Changed Mind,8051.6
RET01316,ORD027033,2024-07-26,Poor Quality,7789.32
RET01317,ORD027034,2024-07-24,Changed Mind,3081.28
RET01318,ORD027038,2025-06-15,Changed Mind,8538.94
RET01319,ORD027058,2024-12-09,Poor Quality,4789.9
RET01320,ORD027068,2025-07-16,Damaged,7616.65
RET01321,ORD027102,2024-04-27,Wrong Product,6499.37
RET01322,ORD027106,2025-11-14,Changed Mind,3685.73
RET01323,ORD027112,2025-05-30,Late Delivery,10125.45
RET01324,ORD027156,2025-09-28,Wrong Product,8742.34
RET01325,ORD027182,2024-09-05,Size/Fit Issue,1998.34
RET01326,ORD027197,2024-12-30,Product Not as Expected,6231.27
RET01327,ORD027219,2024-09-18,Changed Mind,8990.87
RET01328,ORD027230,2026-01-04,Damaged,7818.98
RET01329,ORD027257,2024-09-01,Size/Fit Issue,8706.33
RET01330,ORD027306,2024-08-19,Product Not as Expected,3600.47
RET01331,ORD027338,2024-12-26,Damaged,6425.67
RET01332,ORD027347,2024-07-09,Product Not as Expected,645.16
RET01333,ORD027355,2024-07-20,Damaged,11179.21
RET01334,ORD027356,2025-05-25,Poor Quality,11861.09
RET01335,ORD027370,2024-03-26,Poor Quality,2620.59
RET01336,ORD027382,2025-12-02,Poor Quality,9692.19
RET01337,ORD027388,2024-06-17,Damaged,9546.83
RET01338,ORD027414,2024-04-20,Size/Fit Issue,6116.15
RET01339,ORD027431,2025-01-05,Damaged,9454.62
RET01340,ORD027533,2025-06-21,Wrong Product,7146.13
RET01341,ORD027535,2025-04-08,Poor Quality,3706.63
RET01342,ORD027604,2025-10-24,Size/Fit Issue,10660.5
RET01343,ORD027606,2025-01-12,Product Not as Expected,6821.64
RET01344,ORD027607,2024-10-30,Poor Quality,8057.53
RET01345,ORD027650,2025-06-16,Changed Mind,813.66
RET01346,ORD027651,2024-05-06,Late Delivery,10015.06
RET01347,ORD027753,2024-03-10,Late Delivery,430.52
RET01348,ORD027754,2024-01-24,Damaged,4223.72
RET01349,ORD027773,2024-09-18,Poor Quality,4437.94
RET01350,ORD027785,2025-09-01,Size/Fit Issue,9987.31
RET01351,ORD027794,2025-05-18,Damaged,11632.07
RET01352,ORD027835,2025-06-09,Poor Quality,10649.29
RET01353,ORD027862,2024-06-14,Poor Quality,905.36
RET01354,ORD027865,2025-09-02,Poor Quality,2330.5
RET01355,ORD027914,2024-08-11,Size/Fit Issue,7446.48
RET01356,ORD027933,2024-07-11,Changed Mind,11506.48
RET01357,ORD027972,2024-01-12,Product Not as Expected,10249.61
RET01358,ORD027990,2024-09-10,Poor Quality,8183.94
RET01359,ORD028000,2025-12-24,Changed Mind,6875.63
RET01360,ORD028009,2025-04-09,Changed Mind,6171.06
RET01361,ORD028031,2025-06-15,Wrong Product,8606.56
RET01362,ORD028034,2025-10-30,Changed Mind,8591.19
RET01363,ORD028062,2025-01-27,Changed Mind,1419.39
RET01364,ORD028064,2024-11-01,Product Not as Expected,6717.0
RET01365,ORD028066,2025-06-15,Product Not as Expected,2029.02
RET01366,ORD028082,2024-11-13,Changed Mind,9139.06
RET01367,ORD028091,2025-01-03,Wrong Product,9697.24
RET01368,ORD028105,2025-12-06,Poor Quality,7401.55
RET01369,ORD028135,2025-03-06,Late Delivery,856.17
RET01370,ORD028150,2025-03-08,Poor Quality,6761.51
RET01371,ORD028181,2025-10-30,Damaged,9888.24
RET01372,ORD028184,2025-01-08,Size/Fit Issue,4277.13
RET01373,ORD028192,2025-02-19,Poor Quality,1584.95
RET01374,ORD028229,2024-11-24,Changed Mind,3817.3
RET01375,ORD028241,2025-08-08,Late Delivery,3698.3
RET01376,ORD028242,2025-12-04,Wrong Product,6175.66
RET01377,ORD028259,2025-07-29,Changed Mind,11545.93
RET01378,ORD028278,2024-03-13,Product Not as Expected,11508.91
RET01379,ORD028283,2024-07-03,Changed Mind,10009.68
RET01380,ORD028336,2025-11-20,Size/Fit Issue,519.25
RET01381,ORD028372,2025-10-24,Size/Fit Issue,9977.8
RET01382,ORD028414,2025-02-23,Wrong Product,9397.21
RET01383,ORD028453,2025-07-12,Poor Quality,4776.67
RET01384,ORD028468,2025-05-03,Product Not as Expected,10236.07
RET01385,ORD028473,2024-08-11,Changed Mind,1667.72
RET01386,ORD028508,2025-03-27,Product Not as Expected,8842.65
RET01387,ORD028516,2025-05-29,Product Not as Expected,6103.45
RET01388,ORD028521,2024-05-24,Poor Quality,3838.29
RET01389,ORD028563,2024-07-07,Wrong Product,9826.83
RET01390,ORD028588,2024-08-26,Changed Mind,3962.25
RET01391,ORD028643,2024-01-25,Wrong Product,2519.09
RET01392,ORD028660,2024-05-21,Size/Fit Issue,7653.52
RET01393,ORD028720,2025-10-07,Wrong Product,9341.91
RET01394,ORD028745,2024-06-13,Wrong Product,6834.62
RET01395,ORD028782,2024-08-17,Damaged,11703.33
RET01396,ORD028798,2025-02-24,Wrong Product,10566.6
RET01397,ORD028815,2025-09-18,Late Delivery,5456.85
RET01398,ORD028819,2025-05-04,Changed Mind,8381.13
RET01399,ORD028822,2024-09-27,Changed Mind,1542.62
RET01400,ORD028834,2025-09-03,Changed Mind,5775.82
RET01401,ORD028870,2024-05-09,Wrong Product,4241.73
RET01402,ORD028876,2024-12-09,Late Delivery,8826.82
RET01403,ORD028909,2024-04-27,Damaged,6286.15
RET01404,ORD028925,2024-11-23,Changed Mind,3812.15
RET01405,ORD028945,2025-07-26,Changed Mind,4487.35
RET01406,ORD028952,2025-06-08,Size/Fit Issue,1829.99
RET01407,ORD028958,2025-06-19,Wrong Product,6784.28
RET01408,ORD028979,2025-09-01,Size/Fit Issue,1845.34
RET01409,ORD029008,2024-06-11,Size/Fit Issue,5616.62
RET01410,ORD029012,2024-02-22,Wrong Product,11682.11
RET01411,ORD029028,2024-02-05,Product Not as Expected,9257.27
RET01412,ORD029035,2025-12-23,Wrong Product,2833.25
RET01413,ORD029054,2024-11-18,Damaged,5262.57
RET01414,ORD029074,2025-09-19,Product Not as Expected,2309.4
RET01415,ORD029085,2024-02-28,Late Delivery,1496.49
RET01416,ORD029145,2025-09-30,Damaged,6530.85
RET01417,ORD029148,2025-03-29,Product Not as Expected,9511.56
RET01418,ORD029149,2024-08-25,Product Not as Expected,5505.0
RET01419,ORD029187,2025-10-10,Damaged,938.1
RET01420,ORD029201,2024-11-30,Damaged,6775.93
RET01421,ORD029255,2024-02-04,Product Not as Expected,9087.21
RET01422,ORD029297,2025-05-24,Poor Quality,7316.4
RET01423,ORD029304,2025-12-11,Damaged,10700.74
RET01424,ORD029338,2024-06-26,Late Delivery,1683.65
RET01425,ORD029356,2025-08-24,Poor Quality,7217.6
RET01426,ORD029367,2025-04-13,Damaged,2110.7
RET01427,ORD029421,2024-04-21,Changed Mind,7364.76
RET01428,ORD029426,2025-08-21,Changed Mind,498.61
RET01429,ORD029444,2025-06-03,Late Delivery,8973.87
RET01430,ORD029468,2025-06-17,Size/Fit Issue,3604.95
RET01431,ORD029477,2024-02-08,Changed Mind,11176.51
RET01432,ORD029482,2025-05-03,Size/Fit Issue,2332.58
RET01433,ORD029493,2024-07-02,Product Not as Expected,9864.64
RET01434,ORD029514,2025-01-08,Late Delivery,5711.02
RET01435,ORD029530,2024-05-16,Product Not as Expected,10854.89
RET01436,ORD029543,2025-08-25,Product Not as Expected,6465.91
RET01437,ORD029564,2025-12-18,Changed Mind,2889.32
RET01438,ORD029579,2024-12-02,Size/Fit Issue,4951.26
RET01439,ORD029586,2025-01-22,Size/Fit Issue,3926.22
RET01440,ORD029590,2025-06-21,Product Not as Expected,2860.8
RET01441,ORD029623,2025-08-06,Damaged,468.07
RET01442,ORD029627,2024-11-28,Late Delivery,5963.25
RET01443,ORD029630,2025-06-17,Product Not as Expected,11450.39
RET01444,ORD029649,2025-05-14,Wrong Product,1342.57
RET01445,ORD029657,2024-09-11,Poor Quality,2487.47
RET01446,ORD029665,2025-02-24,Poor Quality,5494.04
RET01447,ORD029674,2024-02-22,Size/Fit Issue,2232.69
RET01448,ORD029752,2025-10-27,Damaged,9599.42
RET01449,ORD029791,2025-07-23,Size/Fit Issue,4557.17
RET01450,ORD029792,2025-08-21,Product Not as Expected,8447.09
RET01451,ORD029813,2024-04-23,Poor Quality,4686.02
RET01452,ORD029834,2024-09-09,Product Not as Expected,8572.74
RET01453,ORD029836,2024-02-16,Product Not as Expected,8529.96
RET01454,ORD029841,2026-01-12,Damaged,3725.21
RET01455,ORD029854,2025-11-23,Changed Mind,3894.27
RET01456,ORD029864,2025-06-30,Changed Mind,4559.18
RET01457,ORD029865,2025-09-25,Size/Fit Issue,4881.33
RET01458,ORD029867,2024-08-19,Wrong Product,3075.07
RET01459,ORD029874,2024-04-21,Changed Mind,3969.5
RET01460,ORD029909,2024-02-06,Size/Fit Issue,8445.67
RET01461,ORD029943,2024-08-25,Size/Fit Issue,6159.99
RET01462,ORD029958,2025-03-16,Poor Quality,2079.97
RET01463,ORD029964,2024-12-24,Late Delivery,10363.53
RET01464,ORD029978,2025-11-14,Wrong Product,1162.82
RET01465,ORD029995,2024-12-05,Changed Mind,11241.21
RET01466,ORD030009,2025-01-30,Product Not as Expected,2450.87
RET01467,ORD030030,2025-05-09,Wrong Product,8587.03
RET01468,ORD030037,2025-04-16,Late Delivery,5809.44
RET01469,ORD030059,2024-06-10,Damaged,9586.71
RET01470,ORD030094,2024-10-14,Wrong Product,6926.69
RET01471,ORD030112,2024-07-17,Product Not as Expected,8088.05
RET01472,ORD030124,2024-04-03,Wrong Product,1620.63
RET01473,ORD030125,2025-09-10,Wrong Product,1919.48
RET01474,ORD030137,2024-10-10,Wrong Product,10407.53
RET01475,ORD030142,2024-07-08,Changed Mind,6857.42
RET01476,ORD030156,2024-07-16,Changed Mind,3887.13
RET01477,ORD030170,2025-04-17,Product Not as Expected,9614.9
RET01478,ORD030194,2024-02-16,Product Not as Expected,3798.76
RET01479,ORD030201,2025-11-09,Poor Quality,6141.24
RET01480,ORD030203,2024-12-09,Poor Quality,11250.59
RET01481,ORD030239,2024-05-03,Product Not as Expected,7876.84
RET01482,ORD030293,2024-04-14,Product Not as Expected,2459.27
RET01483,ORD030294,2024-06-06,Wrong Product,8990.35
RET01484,ORD030314,2024-09-20,Damaged,3907.8
RET01485,ORD030347,2024-07-07,Product Not as Expected,5928.36
RET01486,ORD030382,2025-10-20,Changed Mind,8055.7
RET01487,ORD030403,2024-03-30,Damaged,1104.61
RET01488,ORD030427,2026-01-02,Poor Quality,2455.3
RET01489,ORD030428,2025-08-24,Changed Mind,6901.79
RET01490,ORD030438,2025-03-07,Poor Quality,1053.76
RET01491,ORD030440,2025-07-28,Damaged,331.13
RET01492,ORD030442,2025-07-31,Changed Mind,4356.24
RET01493,ORD030445,2024-05-15,Wrong Product,8970.97
RET01494,ORD030484,2024-02-06,Product Not as Expected,11633.51
RET01495,ORD030493,2024-06-06,Size/Fit Issue,8964.14
RET01496,ORD030506,2024-08-08,Damaged,10282.87
RET01497,ORD030519,2024-07-29,Poor Quality,6836.19
RET01498,ORD030520,2025-12-22,Late Delivery,10625.18
RET01499,ORD030532,2025-11-20,Product Not as Expected,6530.11
RET01500,ORD030536,2024-08-08,Late Delivery,6624.03
RET01501,ORD030550,2024-03-01,Size/Fit Issue,4833.12
RET01502,ORD030568,2025-07-04,Product Not as Expected,7328.8
RET01503,ORD030579,2024-05-14,Late Delivery,5924.38
RET01504,ORD030582,2025-02-15,Size/Fit Issue,3705.47
RET01505,ORD030631,2025-01-23,Damaged,4257.93
RET01506,ORD030639,2024-05-24,Poor Quality,7011.35
RET01507,ORD030727,2025-10-06,Wrong Product,7769.61
RET01508,ORD030751,2025-02-11,Poor Quality,1905.13
RET01509,ORD030776,2025-11-26,Late Delivery,8022.52
RET01510,ORD030797,2025-10-07,Damaged,2736.28
RET01511,ORD030809,2025-03-15,Damaged,2256.64
RET01512,ORD030813,2024-03-15,Late Delivery,8656.4
RET01513,ORD030880,2025-02-09,Changed Mind,9463.31
RET01514,ORD030939,2025-04-26,Changed Mind,10429.63
RET01515,ORD030941,2024-05-24,Product Not as Expected,8835.61
RET01516,ORD030948,2025-01-13,Size/Fit Issue,3661.51
RET01517,ORD030972,2025-02-05,Late Delivery,9545.7
RET01518,ORD031098,2024-07-22,Product Not as Expected,6497.27
RET01519,ORD031117,2024-09-18,Poor Quality,8664.24
RET01520,ORD031153,2025-03-26,Product Not as Expected,3426.03
RET01521,ORD031161,2025-02-23,Late Delivery,3771.83
RET01522,ORD031176,2024-10-28,Damaged,7071.01
RET01523,ORD031185,2025-04-24,Product Not as Expected,4089.44
RET01524,ORD031191,2025-10-20,Product Not as Expected,4084.88
RET01525,ORD031209,2024-11-22,Size/Fit Issue,1776.45
RET01526,ORD031222,2024-12-06,Product Not as Expected,11456.63
RET01527,ORD031223,2024-11-11,Poor Quality,4185.9
RET01528,ORD031248,2024-05-08,Wrong Product,8695.76
RET01529,ORD031264,2025-11-22,Wrong Product,3349.14
RET01530,ORD031273,2025-01-21,Wrong Product,3425.49
RET01531,ORD031301,2025-08-02,Size/Fit Issue,1285.46
RET01532,ORD031322,2024-02-06,Damaged,10122.39
RET01533,ORD031344,2024-12-25,Product Not as Expected,6149.57
RET01534,ORD031349,2024-12-24,Changed Mind,9148.28
RET01535,ORD031363,2025-02-20,Size/Fit Issue,495.03
RET01536,ORD031372,2024-08-29,Size/Fit Issue,10445.09
RET01537,ORD031427,2025-06-25,Changed Mind,10615.81
RET01538,ORD031466,2025-10-03,Changed Mind,9073.02
RET01539,ORD031481,2024-10-02,Wrong Product,5571.33
RET01540,ORD031503,2025-12-17,Late Delivery,11177.67
RET01541,ORD031514,2024-05-09,Size/Fit Issue,8265.6
RET01542,ORD031526,2025-03-08,Product Not as Expected,4919.81
RET01543,ORD031568,2024-02-05,Product Not as Expected,2667.76
RET01544,ORD031591,2025-02-05,Poor Quality,3184.73
RET01545,ORD031614,2025-12-13,Product Not as Expected,6503.93
RET01546,ORD031633,2024-10-03,Size/Fit Issue,7366.09
RET01547,ORD031689,2024-02-20,Changed Mind,10303.55
RET01548,ORD031729,2024-09-09,Product Not as Expected,4747.21
RET01549,ORD031756,2025-03-20,Size/Fit Issue,9027.98
RET01550,ORD031769,2024-11-13,Changed Mind,1002.42
RET01551,ORD031816,2025-11-01,Product Not as Expected,6483.77
RET01552,ORD031851,2024-03-18,Product Not as Expected,8231.93
RET01553,ORD031862,2025-06-20,Size/Fit Issue,7241.19
RET01554,ORD031873,2024-06-12,Poor Quality,2744.07
RET01555,ORD031882,2025-01-03,Damaged,6648.22
RET01556,ORD031894,2025-06-29,Late Delivery,994.57
RET01557,ORD031900,2024-11-11,Late Delivery,7510.62
RET01558,ORD031919,2025-06-08,Poor Quality,9404.68
RET01559,ORD031937,2024-12-09,Damaged,2306.21
RET01560,ORD031978,2025-01-27,Poor Quality,2023.46
RET01561,ORD031983,2024-12-30,Size/Fit Issue,3822.14
RET01562,ORD031984,2025-07-17,Changed Mind,8868.75
RET01563,ORD031998,2024-11-04,Product Not as Expected,4435.13
RET01564,ORD032011,2024-01-25,Size/Fit Issue,5249.03
RET01565,ORD032014,2024-05-17,Product Not as Expected,11894.93
RET01566,ORD032019,2025-07-25,Wrong Product,10993.98
RET01567,ORD032030,2024-12-26,Poor Quality,4051.93
RET01568,ORD032059,2025-12-23,Product Not as Expected,9187.33
RET01569,ORD032098,2024-09-24,Product Not as Expected,7781.91
RET01570,ORD032107,2024-08-03,Poor Quality,5256.38
RET01571,ORD032143,2024-02-02,Damaged,6348.66
RET01572,ORD032153,2024-06-04,Late Delivery,10107.4
RET01573,ORD032201,2024-06-11,Damaged,4554.68
RET01574,ORD032247,2024-07-11,Damaged,6634.23
RET01575,ORD032265,2025-01-08,Size/Fit Issue,673.12
RET01576,ORD032267,2024-11-11,Size/Fit Issue,11361.59
RET01577,ORD032277,2025-08-05,Poor Quality,5580.56
RET01578,ORD032284,2024-04-11,Late Delivery,4977.36
RET01579,ORD032298,2024-03-09,Poor Quality,7239.31
RET01580,ORD032308,2024-12-23,Damaged,5351.52
RET01581,ORD032343,2024-08-01,Poor Quality,3779.35
RET01582,ORD032376,2025-12-06,Size/Fit Issue,9651.62
RET01583,ORD032409,2025-05-29,Product Not as Expected,625.87
RET01584,ORD032513,2024-05-10,Size/Fit Issue,9336.19
RET01585,ORD032515,2024-07-22,Damaged,5727.52
RET01586,ORD032606,2025-06-10,Late Delivery,10642.42
RET01587,ORD032645,2024-09-25,Size/Fit Issue,9279.92
RET01588,ORD032656,2025-03-02,Size/Fit Issue,6789.64
RET01589,ORD032660,2024-07-31,Poor Quality,11302.93
RET01590,ORD032677,2024-02-27,Poor Quality,6726.41
RET01591,ORD032685,2025-04-15,Product Not as Expected,4228.92
RET01592,ORD032717,2024-05-30,Late Delivery,10115.8
RET01593,ORD032762,2024-06-02,Product Not as Expected,2834.64
RET01594,ORD032763,2025-11-21,Changed Mind,4698.45
RET01595,ORD032785,2024-06-15,Product Not as Expected,4507.29
RET01596,ORD032799,2025-06-17,Size/Fit Issue,3539.31
RET01597,ORD032804,2025-12-27,Wrong Product,10225.22
RET01598,ORD032810,2025-04-24,Product Not as Expected,1070.98
RET01599,ORD032825,2024-05-13,Poor Quality,3806.57
RET01600,ORD032840,2024-04-10,Product Not as Expected,5997.57
RET01601,ORD032858,2024-09-06,Poor Quality,6510.15
RET01602,ORD032859,2025-10-21,Damaged,1941.74
RET01603,ORD032868,2025-11-25,Size/Fit Issue,4088.23
RET01604,ORD032885,2024-07-06,Product Not as Expected,1603.66
RET01605,ORD032892,2024-12-08,Late Delivery,5791.04
RET01606,ORD032980,2025-09-27,Size/Fit Issue,5727.66
RET01607,ORD032996,2024-07-14,Size/Fit Issue,8740.68
RET01608,ORD033001,2025-06-21,Damaged,7640.87
RET01609,ORD033037,2025-04-07,Product Not as Expected,3385.45
RET01610,ORD033043,2025-07-26,Size/Fit Issue,7488.73
RET01611,ORD033074,2024-03-08,Poor Quality,6633.94
RET01612,ORD033096,2025-01-11,Size/Fit Issue,9327.12
RET01613,ORD033104,2025-07-18,Product Not as Expected,8162.14
RET01614,ORD033116,2025-09-26,Wrong Product,6818.3
RET01615,ORD033193,2024-09-17,Size/Fit Issue,3129.54
RET01616,ORD033194,2025-07-23,Product Not as Expected,763.99
RET01617,ORD033208,2024-04-10,Product Not as Expected,6872.87
RET01618,ORD033216,2025-04-04,Size/Fit Issue,4085.55
RET01619,ORD033272,2024-02-18,Wrong Product,6238.95
RET01620,ORD033275,2025-08-20,Damaged,7427.53
RET01621,ORD033324,2024-08-11,Wrong Product,2181.54
RET01622,ORD033328,2024-08-05,Wrong Product,8751.24
RET01623,ORD033329,2025-10-31,Late Delivery,1899.77
RET01624,ORD033330,2025-04-21,Product Not as Expected,403.49
RET01625,ORD033336,2025-07-08,Changed Mind,6810.81
RET01626,ORD033348,2024-01-29,Damaged,3932.97
RET01627,ORD033408,2025-01-07,Product Not as Expected,10923.31
RET01628,ORD033421,2024-04-01,Changed Mind,5581.13
RET01629,ORD033433,2024-07-21,Changed Mind,5839.54
RET01630,ORD033442,2024-05-04,Size/Fit Issue,1729.09
RET01631,ORD033474,2025-06-20,Wrong Product,6884.81
RET01632,ORD033501,2025-11-01,Damaged,7078.75
RET01633,ORD033507,2025-06-09,Damaged,9102.02
RET01634,ORD033539,2025-07-22,Damaged,8965.88
RET01635,ORD033554,2025-08-22,Wrong Product,3479.46
RET01636,ORD033563,2025-11-14,Product Not as Expected,10629.7
RET01637,ORD033588,2025-06-05,Size/Fit Issue,11723.11
RET01638,ORD033595,2024-12-21,Damaged,9099.81
RET01639,ORD033616,2024-12-04,Size/Fit Issue,4029.69
RET01640,ORD033621,2025-09-19,Wrong Product,2536.09
RET01641,ORD033664,2025-07-07,Changed Mind,5454.82
RET01642,ORD033673,2025-10-19,Size/Fit Issue,2088.85
RET01643,ORD033681,2025-04-24,Product Not as Expected,496.65
RET01644,ORD033686,2025-12-02,Changed Mind,8071.65
RET01645,ORD033692,2025-02-04,Poor Quality,1916.63
RET01646,ORD033703,2025-07-05,Poor Quality,9988.33
RET01647,ORD033710,2024-01-24,Damaged,2590.78
RET01648,ORD033712,2024-10-12,Poor Quality,3623.56
RET01649,ORD033730,2024-06-18,Damaged,4640.14
RET01650,ORD033754,2024-05-24,Damaged,6760.77
RET01651,ORD033776,2025-02-26,Poor Quality,7362.27
RET01652,ORD033796,2024-02-09,Product Not as Expected,10196.48
RET01653,ORD033805,2025-12-06,Product Not as Expected,2482.9
RET01654,ORD033894,2025-04-29,Size/Fit Issue,4963.72
RET01655,ORD033922,2024-11-29,Product Not as Expected,2844.48
RET01656,ORD033927,2025-05-14,Product Not as Expected,6889.38
RET01657,ORD033946,2024-07-10,Size/Fit Issue,1499.96
RET01658,ORD033951,2025-05-06,Size/Fit Issue,6518.12
RET01659,ORD033952,2025-08-09,Product Not as Expected,6458.37
RET01660,ORD033954,2024-09-06,Late Delivery,2212.08
RET01661,ORD034010,2024-10-25,Wrong Product,5951.3
RET01662,ORD034063,2025-01-05,Poor Quality,6639.49
RET01663,ORD034087,2024-05-11,Damaged,6983.19
RET01664,ORD034094,2025-01-28,Poor Quality,10851.74
RET01665,ORD034141,2024-05-14,Damaged,8675.7
RET01666,ORD034148,2025-11-20,Wrong Product,10579.66
RET01667,ORD034167,2025-05-21,Size/Fit Issue,7222.6
RET01668,ORD034171,2024-10-23,Wrong Product,1153.5
RET01669,ORD034207,2025-10-10,Changed Mind,7070.04
RET01670,ORD034242,2024-06-20,Product Not as Expected,11063.81
RET01671,ORD034249,2025-09-14,Poor Quality,1645.22
RET01672,ORD034250,2024-11-15,Late Delivery,3531.63
RET01673,ORD034260,2025-08-28,Product Not as Expected,6707.89
RET01674,ORD034279,2024-10-16,Damaged,7051.71
RET01675,ORD034285,2025-02-26,Damaged,1678.15
RET01676,ORD034304,2025-03-23,Product Not as Expected,6784.83
RET01677,ORD034307,2025-09-11,Changed Mind,11842.85
RET01678,ORD034328,2025-12-24,Damaged,9360.29
RET01679,ORD034338,2024-05-06,Poor Quality,7187.87
RET01680,ORD034355,2025-05-05,Size/Fit Issue,2305.72
RET01681,ORD034359,2025-05-09,Changed Mind,4238.57
RET01682,ORD034375,2025-03-14,Poor Quality,2246.74
RET01683,ORD034376,2024-11-03,Wrong Product,4711.74
RET01684,ORD034390,2025-07-21,Damaged,1414.12
RET01685,ORD034414,2025-07-17,Size/Fit Issue,4673.96
RET01686,ORD034475,2024-03-20,Product Not as Expected,1252.09
RET01687,ORD034509,2024-09-23,Size/Fit Issue,9068.88
RET01688,ORD034534,2025-06-04,Size/Fit Issue,3449.91
RET01689,ORD034570,2024-12-16,Poor Quality,3105.78
RET01690,ORD034575,2025-01-12,Size/Fit Issue,1632.26
RET01691,ORD034600,2024-07-24,Changed Mind,1120.98
RET01692,ORD034671,2024-01-20,Poor Quality,704.2
RET01693,ORD034683,2024-05-26,Late Delivery,1378.1
RET01694,ORD034689,2025-04-27,Changed Mind,6998.64
RET01695,ORD034696,2024-08-03,Late Delivery,4091.3
RET01696,ORD034719,2024-04-12,Size/Fit Issue,3560.54
RET01697,ORD034734,2025-09-07,Damaged,4666.26
RET01698,ORD034744,2024-11-26,Damaged,11361.42
RET01699,ORD034751,2024-02-06,Product Not as Expected,10400.41
RET01700,ORD034818,2024-03-12,Product Not as Expected,4993.94
RET01701,ORD034829,2025-11-26,Poor Quality,3878.53
RET01702,ORD034867,2024-02-10,Product Not as Expected,9131.7
RET01703,ORD034883,2024-11-22,Wrong Product,10331.96
RET01704,ORD034935,2024-09-23,Damaged,5549.46
RET01705,ORD034949,2024-01-23,Poor Quality,670.8
RET01706,ORD034978,2025-05-15,Poor Quality,7341.47
RET01707,ORD034991,2025-09-02,Product Not as Expected,6780.73
RET01708,ORD035002,2025-07-29,Changed Mind,3551.89
RET01709,ORD035045,2024-03-04,Damaged,7607.07
RET01710,ORD035052,2024-07-17,Poor Quality,2447.92
RET01711,ORD035098,2025-12-16,Size/Fit Issue,3571.38
RET01712,ORD035133,2024-02-28,Poor Quality,2934.76
RET01713,ORD035147,2025-02-19,Size/Fit Issue,7573.51
RET01714,ORD035174,2025-08-02,Damaged,6440.58
RET01715,ORD035179,2025-11-04,Late Delivery,10011.04
RET01716,ORD035185,2025-09-08,Wrong Product,5798.02
RET01717,ORD035226,2025-07-28,Size/Fit Issue,7667.07
RET01718,ORD035272,2025-08-15,Damaged,5547.1
RET01719,ORD035283,2024-07-03,Product Not as Expected,3254.4
RET01720,ORD035285,2025-05-27,Changed Mind,11326.09
RET01721,ORD035299,2025-07-27,Size/Fit Issue,3438.0
RET01722,ORD035382,2024-04-25,Late Delivery,3981.16
RET01723,ORD035406,2025-03-11,Damaged,2427.76
RET01724,ORD035437,2025-02-16,Product Not as Expected,9073.79
RET01725,ORD035455,2025-08-26,Late Delivery,11648.65
RET01726,ORD035462,2025-10-31,Damaged,7574.74
RET01727,ORD035489,2025-02-19,Changed Mind,8482.28
RET01728,ORD035499,2024-05-06,Size/Fit Issue,10727.79
RET01729,ORD035559,2025-12-07,Changed Mind,1272.77
RET01730,ORD035594,2024-04-12,Damaged,2192.89
RET01731,ORD035612,2025-01-07,Changed Mind,6933.27
RET01732,ORD035622,2024-07-05,Size/Fit Issue,728.92
RET01733,ORD035625,2025-07-28,Late Delivery,359.11
RET01734,ORD035627,2026-01-07,Changed Mind,1373.97
RET01735,ORD035638,2024-02-19,Product Not as Expected,2277.2
RET01736,ORD035702,2024-07-28,Poor Quality,1098.88
RET01737,ORD035713,2024-01-05,Poor Quality,4904.53
RET01738,ORD035727,2024-03-23,Size/Fit Issue,611.13
RET01739,ORD035746,2024-07-18,Product Not as Expected,5171.58
RET01740,ORD035753,2025-09-04,Size/Fit Issue,8484.05
RET01741,ORD035766,2024-04-21,Changed Mind,4125.68
RET01742,ORD035780,2025-03-24,Size/Fit Issue,9396.06
RET01743,ORD035782,2024-08-02,Damaged,5835.43
RET01744,ORD035788,2024-11-13,Changed Mind,9293.4
RET01745,ORD035819,2024-03-07,Size/Fit Issue,9832.41
RET01746,ORD035825,2025-01-11,Wrong Product,3565.05
RET01747,ORD035826,2024-04-16,Size/Fit Issue,5420.86
RET01748,ORD035828,2025-01-20,Damaged,856.6
RET01749,ORD035840,2024-10-07,Product Not as Expected,5124.77
RET01750,ORD035856,2025-07-16,Damaged,10692.24
RET01751,ORD035862,2025-06-26,Wrong Product,10922.16
RET01752,ORD035890,2025-01-26,Damaged,7020.15
RET01753,ORD035891,2024-11-19,Damaged,4265.28
RET01754,ORD035959,2024-01-31,Damaged,6597.68
RET01755,ORD035972,2025-07-13,Wrong Product,3618.64
RET01756,ORD035988,2025-11-21,Product Not as Expected,1399.49
RET01757,ORD036014,2024-05-02,Poor Quality,1206.73
RET01758,ORD036032,2025-09-22,Size/Fit Issue,640.45
RET01759,ORD036057,2024-10-13,Size/Fit Issue,4499.18
RET01760,ORD036087,2024-10-02,Wrong Product,2928.18
RET01761,ORD036118,2025-11-15,Wrong Product,6420.51
RET01762,ORD036192,2024-11-23,Product Not as Expected,4088.59
RET01763,ORD036198,2024-10-31,Damaged,6601.15
RET01764,ORD036246,2025-11-22,Wrong Product,11299.63
RET01765,ORD036249,2024-04-28,Poor Quality,11996.7
RET01766,ORD036291,2025-08-20,Poor Quality,3248.35
RET01767,ORD036319,2024-05-27,Changed Mind,6089.05
RET01768,ORD036361,2024-11-25,Wrong Product,358.99
RET01769,ORD036407,2025-01-29,Wrong Product,4200.61
RET01770,ORD036437,2024-06-12,Changed Mind,6951.82
RET01771,ORD036465,2026-01-07,Damaged,3838.77
RET01772,ORD036489,2024-10-29,Damaged,5729.55
RET01773,ORD036511,2024-09-24,Poor Quality,5872.1
RET01774,ORD036533,2024-03-11,Product Not as Expected,4173.4
RET01775,ORD036540,2024-04-01,Size/Fit Issue,5373.21
RET01776,ORD036564,2024-07-05,Damaged,534.56
RET01777,ORD036573,2024-03-19,Damaged,8470.69
RET01778,ORD036601,2024-03-09,Late Delivery,9731.68
RET01779,ORD036656,2025-12-06,Product Not as Expected,3447.65
RET01780,ORD036692,2025-12-21,Size/Fit Issue,2960.42
RET01781,ORD036724,2024-09-13,Changed Mind,9874.2
RET01782,ORD036725,2025-11-09,Damaged,8929.02
RET01783,ORD036821,2024-08-11,Damaged,3282.32
RET01784,ORD036832,2024-05-19,Poor Quality,2231.75
RET01785,ORD036858,2025-03-25,Product Not as Expected,9684.47
RET01786,ORD036888,2025-03-15,Poor Quality,1031.1
RET01787,ORD036921,2025-04-05,Product Not as Expected,7335.75
RET01788,ORD036929,2024-02-04,Size/Fit Issue,7322.31
RET01789,ORD036944,2025-01-25,Damaged,3083.06
RET01790,ORD036950,2025-02-25,Size/Fit Issue,3922.0
RET01791,ORD036995,2024-07-15,Poor Quality,8380.03
RET01792,ORD036996,2024-11-23,Poor Quality,4614.03
RET01793,ORD037028,2025-05-25,Late Delivery,8222.94
RET01794,ORD037043,2025-10-28,Damaged,4318.43
RET01795,ORD037054,2024-04-26,Poor Quality,3631.16
RET01796,ORD037058,2025-07-04,Changed Mind,5046.94
RET01797,ORD037072,2025-06-23,Product Not as Expected,4795.18
RET01798,ORD037083,2024-12-24,Changed Mind,443.34
RET01799,ORD037089,2024-06-21,Poor Quality,1185.24
RET01800,ORD037103,2025-05-08,Product Not as Expected,4564.12
RET01801,ORD037118,2025-05-30,Late Delivery,11550.2
RET01802,ORD037136,2024-03-11,Wrong Product,703.45
RET01803,ORD037158,2025-07-02,Damaged,8291.43
RET01804,ORD037195,2024-06-02,Poor Quality,10190.32
RET01805,ORD037218,2025-05-20,Size/Fit Issue,2663.39
RET01806,ORD037265,2025-05-15,Poor Quality,5247.13
RET01807,ORD037266,2024-03-17,Product Not as Expected,6300.22
RET01808,ORD037345,2025-02-21,Damaged,593.12
RET01809,ORD037352,2025-11-20,Product Not as Expected,3417.8
RET01810,ORD037372,2024-08-31,Product Not as Expected,10168.51
RET01811,ORD037432,2025-06-08,Damaged,11587.56
RET01812,ORD037438,2024-05-17,Wrong Product,7697.28
RET01813,ORD037463,2025-01-13,Size/Fit Issue,5687.76
RET01814,ORD037465,2024-07-08,Poor Quality,9762.97
RET01815,ORD037476,2025-10-16,Damaged,3445.79
RET01816,ORD037518,2025-02-03,Product Not as Expected,1074.7
RET01817,ORD037530,2025-09-27,Poor Quality,11048.28
RET01818,ORD037545,2025-09-18,Late Delivery,8945.45
RET01819,ORD037552,2025-02-28,Size/Fit Issue,2939.36
RET01820,ORD037563,2024-06-21,Late Delivery,3035.81
RET01821,ORD037566,2025-04-09,Poor Quality,747.4
RET01822,ORD037587,2025-09-22,Poor Quality,4747.7
RET01823,ORD037588,2025-10-23,Changed Mind,8636.78
RET01824,ORD037589,2025-09-20,Wrong Product,2086.9
RET01825,ORD037621,2024-08-14,Damaged,5227.89
RET01826,ORD037624,2025-02-14,Wrong Product,5283.1
RET01827,ORD037625,2025-01-16,Product Not as Expected,5346.38
RET01828,ORD037665,2024-07-04,Product Not as Expected,4684.0
RET01829,ORD037671,2025-05-12,Changed Mind,5564.29
RET01830,ORD037681,2024-04-09,Wrong Product,10986.28
RET01831,ORD037718,2025-10-01,Changed Mind,6105.97
RET01832,ORD037757,2024-04-18,Size/Fit Issue,1208.79
RET01833,ORD037794,2025-09-08,Damaged,7430.33
RET01834,ORD037804,2024-04-23,Product Not as Expected,7712.91
RET01835,ORD037888,2024-08-25,Wrong Product,8811.25
RET01836,ORD037893,2024-08-23,Late Delivery,3788.02
RET01837,ORD037902,2024-10-24,Late Delivery,10179.15
RET01838,ORD037932,2024-05-07,Changed Mind,5568.75
RET01839,ORD037941,2026-01-02,Late Delivery,3731.79
RET01840,ORD037954,2024-10-30,Size/Fit Issue,4298.51
RET01841,ORD037978,2025-07-29,Late Delivery,3447.15
RET01842,ORD038012,2025-10-14,Product Not as Expected,4945.09
RET01843,ORD038097,2024-06-15,Product Not as Expected,3457.5
RET01844,ORD038139,2024-05-04,Product Not as Expected,10788.8
RET01845,ORD038154,2025-06-20,Product Not as Expected,9631.22
RET01846,ORD038171,2025-04-17,Wrong Product,2960.27
RET01847,ORD038256,2025-05-17,Poor Quality,7330.7
RET01848,ORD038273,2024-06-21,Late Delivery,4410.47
RET01849,ORD038276,2024-06-05,Damaged,10392.72
RET01850,ORD038277,2025-09-26,Product Not as Expected,9816.36
RET01851,ORD038318,2025-05-04,Changed Mind,9684.61
RET01852,ORD038320,2024-03-16,Damaged,383.43
RET01853,ORD038352,2024-09-01,Poor Quality,11878.06
RET01854,ORD038357,2025-07-09,Wrong Product,11089.8
RET01855,ORD038464,2024-03-07,Wrong Product,1165.52
RET01856,ORD038469,2025-03-05,Size/Fit Issue,7031.13
RET01857,ORD038473,2026-01-22,Wrong Product,9970.24
RET01858,ORD038517,2024-06-01,Damaged,8407.59
RET01859,ORD038524,2024-12-23,Product Not as Expected,2876.31
RET01860,ORD038530,2024-11-05,Size/Fit Issue,10987.06
RET01861,ORD038552,2024-06-09,Poor Quality,8367.62
RET01862,ORD038563,2025-01-11,Product Not as Expected,4822.08
RET01863,ORD038578,2024-03-25,Poor Quality,1833.09
RET01864,ORD038590,2024-06-28,Wrong Product,5018.97
RET01865,ORD038595,2024-04-30,Poor Quality,6936.03
RET01866,ORD038613,2024-08-16,Poor Quality,7674.61
RET01867,ORD038614,2024-11-28,Poor Quality,895.2
RET01868,ORD038646,2025-09-04,Late Delivery,502.37
RET01869,ORD038703,2024-02-26,Size/Fit Issue,1421.49
RET01870,ORD038714,2026-01-07,Damaged,785.58
RET01871,ORD038718,2025-02-03,Late Delivery,3010.46
RET01872,ORD038757,2025-12-30,Wrong Product,9509.07
RET01873,ORD038788,2025-06-01,Size/Fit Issue,7985.9
RET01874,ORD038805,2025-02-28,Wrong Product,1738.23
RET01875,ORD038823,2024-12-14,Product Not as Expected,8064.34
RET01876,ORD038825,2025-08-05,Poor Quality,2137.64
RET01877,ORD038829,2025-04-30,Late Delivery,8423.3
RET01878,ORD038865,2025-06-21,Product Not as Expected,8260.05
RET01879,ORD038874,2026-01-14,Size/Fit Issue,2096.2
RET01880,ORD038916,2024-07-24,Changed Mind,9596.12
RET01881,ORD038922,2024-12-28,Product Not as Expected,11865.5
RET01882,ORD038931,2025-03-06,Late Delivery,7327.85
RET01883,ORD038932,2025-10-28,Product Not as Expected,836.91
RET01884,ORD038935,2025-10-15,Damaged,7028.8
RET01885,ORD038946,2024-05-03,Size/Fit Issue,6775.39
RET01886,ORD039002,2024-11-18,Wrong Product,6703.64
RET01887,ORD039008,2024-06-13,Changed Mind,786.98
RET01888,ORD039033,2025-12-26,Damaged,11959.44
RET01889,ORD039050,2024-03-07,Damaged,10225.41
RET01890,ORD039059,2024-04-15,Changed Mind,11781.06
RET01891,ORD039093,2025-10-24,Poor Quality,5179.5
RET01892,ORD039124,2025-04-18,Product Not as Expected,4994.39
RET01893,ORD039139,2025-03-03,Size/Fit Issue,3183.99
RET01894,ORD039170,2024-07-01,Product Not as Expected,3925.57
RET01895,ORD039179,2024-07-22,Product Not as Expected,9616.57
RET01896,ORD039214,2024-12-17,Changed Mind,1916.88
RET01897,ORD039286,2025-01-08,Damaged,2549.03
RET01898,ORD039322,2024-09-05,Late Delivery,2073.59
RET01899,ORD039346,2025-08-19,Poor Quality,9004.69
RET01900,ORD039392,2024-10-02,Wrong Product,4438.89
RET01901,ORD039394,2025-09-25,Changed Mind,10583.49
RET01902,ORD039414,2025-09-03,Product Not as Expected,4034.53
RET01903,ORD039419,2024-09-28,Wrong Product,3467.14
RET01904,ORD039434,2025-10-26,Wrong Product,652.46
RET01905,ORD039460,2024-04-04,Late Delivery,4268.98
RET01906,ORD039483,2024-07-09,Poor Quality,4387.82
RET01907,ORD039501,2026-01-17,Damaged,3128.98
RET01908,ORD039510,2024-07-26,Poor Quality,10716.1
RET01909,ORD039511,2025-08-24,Damaged,6100.43
RET01910,ORD039535,2025-03-23,Damaged,2353.73
RET01911,ORD039594,2025-01-26,Size/Fit Issue,7528.1
RET01912,ORD039605,2025-10-05,Changed Mind,7724.24
RET01913,ORD039619,2025-10-20,Damaged,2533.38
RET01914,ORD039625,2024-09-03,Wrong Product,9118.09
RET01915,ORD039635,2025-12-01,Damaged,10842.82
RET01916,ORD039657,2025-02-27,Late Delivery,8353.81
RET01917,ORD039665,2025-11-28,Poor Quality,1181.48
RET01918,ORD039709,2025-05-25,Damaged,4682.11
RET01919,ORD039745,2025-11-19,Poor Quality,4338.18
RET01920,ORD039747,2024-04-08,Damaged,4521.01
RET01921,ORD039753,2026-01-28,Size/Fit Issue,3271.28
RET01922,ORD039754,2024-02-28,Product Not as Expected,6511.24
RET01923,ORD039769,2024-08-07,Product Not as Expected,3378.51
RET01924,ORD039775,2025-09-08,Damaged,2876.72
RET01925,ORD039781,2024-06-15,Size/Fit Issue,8274.95
RET01926,ORD039790,2025-05-11,Damaged,8356.21
RET01927,ORD039793,2024-05-21,Changed Mind,8310.39
RET01928,ORD039795,2024-07-15,Changed Mind,9500.64
RET01929,ORD039802,2024-08-28,Size/Fit Issue,385.67
RET01930,ORD039809,2024-06-16,Wrong Product,10931.34
RET01931,ORD039811,2024-05-31,Size/Fit Issue,8932.88
RET01932,ORD039833,2025-04-17,Poor Quality,9009.36
RET01933,ORD039854,2025-02-13,Damaged,6192.58
RET01934,ORD039857,2024-12-17,Product Not as Expected,10860.45
RET01935,ORD039871,2025-06-29,Changed Mind,8102.47
RET01936,ORD039908,2025-06-04,Changed Mind,5390.45
RET01937,ORD039909,2024-12-19,Poor Quality,7383.97
RET01938,ORD039912,2025-05-06,Poor Quality,2071.91
RET01939,ORD039928,2025-05-17,Wrong Product,7911.48
RET01940,ORD039950,2024-07-09,Poor Quality,7598.4
RET01941,ORD039952,2025-05-20,Product Not as Expected,11934.03
RET01942,ORD039971,2024-07-02,Damaged,5976.02
RET01943,ORD039977,2025-05-22,Size/Fit Issue,525.27
RET01944,ORD040001,2025-08-09,Poor Quality,2449.81
RET01945,ORD040066,2024-08-14,Damaged,6764.11
RET01946,ORD040095,2024-05-24,Changed Mind,9584.38
RET01947,ORD040101,2025-04-09,Changed Mind,6976.51
RET01948,ORD040104,2025-11-16,Poor Quality,8705.5
RET01949,ORD040123,2024-08-08,Poor Quality,2810.35
RET01950,ORD040125,2025-09-04,Damaged,6360.45
RET01951,ORD040126,2025-06-26,Size/Fit Issue,6596.39
RET01952,ORD040157,2025-01-01,Size/Fit Issue,8477.38
RET01953,ORD040161,2025-06-03,Wrong Product,9595.75
RET01954,ORD040279,2024-03-22,Wrong Product,11101.96
RET01955,ORD040281,2025-09-13,Size/Fit Issue,11382.47
RET01956,ORD040296,2025-11-10,Changed Mind,7786.57
RET01957,ORD040308,2025-11-01,Size/Fit Issue,1182.35
RET01958,ORD040310,2024-06-03,Wrong Product,7224.0
RET01959,ORD040322,2024-02-29,Size/Fit Issue,9314.83
RET01960,ORD040333,2025-03-31,Product Not as Expected,10091.59
RET01961,ORD040336,2025-11-26,Damaged,6678.85
RET01962,ORD040337,2024-10-07,Changed Mind,10245.4
RET01963,ORD040340,2024-12-25,Wrong Product,5923.5
RET01964,ORD040357,2024-05-31,Poor Quality,11276.73
RET01965,ORD040374,2025-02-28,Poor Quality,7931.67
RET01966,ORD040375,2025-09-05,Late Delivery,6399.73
RET01967,ORD040391,2024-02-21,Changed Mind,9370.01
RET01968,ORD040400,2025-11-23,Product Not as Expected,6585.33
RET01969,ORD040404,2024-04-24,Wrong Product,3812.88
RET01970,ORD040409,2025-03-17,Poor Quality,11805.05
RET01971,ORD040417,2024-10-17,Size/Fit Issue,1168.96
RET01972,ORD040437,2024-04-30,Size/Fit Issue,8814.05
RET01973,ORD040462,2025-04-13,Product Not as Expected,4922.58
RET01974,ORD040465,2025-01-31,Late Delivery,9893.12
RET01975,ORD040471,2024-04-26,Size/Fit Issue,6389.19
RET01976,ORD040495,2025-07-12,Poor Quality,3526.13
RET01977,ORD040497,2025-03-23,Damaged,5919.98
RET01978,ORD040520,2025-11-06,Product Not as Expected,7674.1
RET01979,ORD040533,2024-04-27,Poor Quality,1577.84
RET01980,ORD040553,2026-01-03,Changed Mind,7788.48
RET01981,ORD040577,2025-09-02,Changed Mind,7486.3
RET01982,ORD040585,2024-10-29,Wrong Product,6322.72
RET01983,ORD040592,2025-08-15,Poor Quality,1734.9
RET01984,ORD040593,2025-08-27,Product Not as Expected,6948.74
RET01985,ORD040603,2025-10-16,Poor Quality,2639.77
RET01986,ORD040627,2025-05-26,Changed Mind,8218.66
RET01987,ORD040633,2024-12-17,Late Delivery,9472.54
RET01988,ORD040634,2025-01-31,Product Not as Expected,1546.27
RET01989,ORD040665,2024-07-06,Product Not as Expected,7663.78
RET01990,ORD040678,2024-02-11,Damaged,4069.05
RET01991,ORD040682,2024-06-25,Size/Fit Issue,4808.69
RET01992,ORD040697,2025-08-28,Damaged,5067.95
RET01993,ORD040701,2024-02-04,Wrong Product,620.51
RET01994,ORD040727,2025-03-23,Late Delivery,7032.32
RET01995,ORD040729,2024-11-03,Poor Quality,4693.88
RET01996,ORD040736,2024-12-13,Wrong Product,7506.76
RET01997,ORD040737,2024-03-01,Wrong Product,499.57
RET01998,ORD040785,2025-12-26,Product Not as Expected,5279.58
RET01999,ORD040800,2024-07-17,Late Delivery,7019.65
RET02000,ORD040824,2025-10-31,Damaged,3403.01
RET02001,ORD040845,2025-01-13,Size/Fit Issue,10179.29
RET02002,ORD040853,2025-06-02,Damaged,7128.73
RET02003,ORD040860,2025-09-25,Size/Fit Issue,8064.46
RET02004,ORD040864,2025-12-24,Size/Fit Issue,11597.32
RET02005,ORD040871,2024-08-24,Size/Fit Issue,4798.75
RET02006,ORD040883,2025-02-11,Changed Mind,4585.23
RET02007,ORD040915,2025-12-28,Damaged,11846.62
RET02008,ORD040920,2025-06-14,Late Delivery,5607.5
RET02009,ORD040942,2025-04-28,Product Not as Expected,10702.35
RET02010,ORD040943,2024-09-11,Size/Fit Issue,11865.44
RET02011,ORD040977,2025-02-12,Poor Quality,723.92
RET02012,ORD041058,2025-10-05,Changed Mind,7946.38
RET02013,ORD041084,2025-12-08,Size/Fit Issue,3757.18
RET02014,ORD041111,2025-05-20,Poor Quality,3063.28
RET02015,ORD041199,2025-10-10,Damaged,4793.02
RET02016,ORD041224,2025-06-20,Damaged,5123.98
RET02017,ORD041256,2025-07-25,Changed Mind,6318.02
RET02018,ORD041312,2025-08-31,Wrong Product,5636.3
RET02019,ORD041317,2024-06-28,Size/Fit Issue,2857.28
RET02020,ORD041337,2025-12-05,Product Not as Expected,1322.22
RET02021,ORD041348,2025-10-27,Changed Mind,3931.63
RET02022,ORD041359,2025-11-15,Product Not as Expected,4858.83
RET02023,ORD041370,2024-03-20,Size/Fit Issue,7005.13
RET02024,ORD041373,2024-01-31,Product Not as Expected,1376.33
RET02025,ORD041437,2024-01-31,Size/Fit Issue,3398.1
RET02026,ORD041451,2025-01-16,Changed Mind,489.71
RET02027,ORD041466,2025-11-11,Product Not as Expected,5045.76
RET02028,ORD041504,2025-08-02,Poor Quality,1056.09
RET02029,ORD041521,2024-08-31,Damaged,10260.82
RET02030,ORD041531,2025-11-21,Product Not as Expected,7215.72
RET02031,ORD041576,2024-02-06,Poor Quality,9485.78
RET02032,ORD041578,2025-02-03,Size/Fit Issue,6896.83
RET02033,ORD041596,2024-08-17,Changed Mind,11908.38
RET02034,ORD041621,2025-05-12,Product Not as Expected,7684.49
RET02035,ORD041645,2024-02-24,Late Delivery,9161.0
RET02036,ORD041704,2025-08-15,Late Delivery,4603.11
RET02037,ORD041736,2024-02-04,Damaged,996.56
RET02038,ORD041737,2024-04-25,Size/Fit Issue,9907.24
RET02039,ORD041771,2024-02-29,Wrong Product,10197.11
RET02040,ORD041775,2025-04-30,Product Not as Expected,4919.3
RET02041,ORD041778,2024-07-12,Size/Fit Issue,437.8
RET02042,ORD041794,2024-10-20,Poor Quality,6403.18
RET02043,ORD041849,2025-06-09,Poor Quality,4824.19
RET02044,ORD041873,2025-02-06,Product Not as Expected,1071.86
RET02045,ORD041881,2024-09-15,Poor Quality,4080.07
RET02046,ORD041889,2025-09-29,Product Not as Expected,1673.91
RET02047,ORD041895,2025-12-09,Changed Mind,3619.03
RET02048,ORD041904,2025-12-07,Damaged,9480.94
RET02049,ORD041948,2024-11-04,Damaged,637.0
RET02050,ORD041961,2025-08-08,Wrong Product,7986.66
RET02051,ORD041981,2025-06-17,Size/Fit Issue,7400.91
RET02052,ORD041986,2025-03-06,Wrong Product,7711.29
RET02053,ORD041988,2024-07-16,Product Not as Expected,2796.18
RET02054,ORD041994,2025-02-22,Product Not as Expected,9518.47
RET02055,ORD042012,2025-12-11,Size/Fit Issue,4235.97
RET02056,ORD042042,2024-12-10,Damaged,3289.54
RET02057,ORD042049,2024-07-18,Wrong Product,2520.3
RET02058,ORD042064,2025-01-14,Poor Quality,9241.25
RET02059,ORD042076,2024-09-19,Poor Quality,2921.42
RET02060,ORD042083,2025-11-14,Product Not as Expected,3762.76
RET02061,ORD042086,2024-08-25,Wrong Product,7161.79
RET02062,ORD042113,2024-02-26,Product Not as Expected,9254.94
RET02063,ORD042118,2025-01-25,Wrong Product,806.26
RET02064,ORD042132,2024-08-28,Poor Quality,1114.0
RET02065,ORD042155,2024-07-09,Late Delivery,11984.42
RET02066,ORD042165,2024-11-13,Size/Fit Issue,1453.96
RET02067,ORD042174,2025-02-12,Size/Fit Issue,11513.56
RET02068,ORD042224,2024-04-11,Changed Mind,724.22
RET02069,ORD042235,2024-09-07,Wrong Product,773.44
RET02070,ORD042254,2024-12-18,Product Not as Expected,1218.57
RET02071,ORD042297,2024-08-22,Size/Fit Issue,7762.93
RET02072,ORD042323,2024-03-18,Damaged,9167.14
RET02073,ORD042339,2025-12-13,Poor Quality,4260.78
RET02074,ORD042351,2025-04-21,Changed Mind,2554.67
RET02075,ORD042411,2025-09-23,Product Not as Expected,11699.5
RET02076,ORD042425,2024-08-23,Damaged,2216.9
RET02077,ORD042448,2024-10-18,Poor Quality,4687.81
RET02078,ORD042509,2024-04-29,Size/Fit Issue,9392.34
RET02079,ORD042511,2025-08-08,Damaged,11110.03
RET02080,ORD042522,2025-09-04,Product Not as Expected,4921.0
RET02081,ORD042533,2025-08-21,Size/Fit Issue,847.11
RET02082,ORD042552,2025-12-02,Size/Fit Issue,2651.55
RET02083,ORD042557,2024-04-23,Damaged,9527.98
RET02084,ORD042564,2024-06-12,Changed Mind,7068.69
RET02085,ORD042589,2024-01-21,Late Delivery,11158.97
RET02086,ORD042618,2024-11-07,Damaged,9624.48
RET02087,ORD042632,2024-02-10,Damaged,2864.29
RET02088,ORD042636,2024-04-27,Product Not as Expected,519.26
RET02089,ORD042637,2025-12-03,Damaged,9806.58
RET02090,ORD042648,2024-08-26,Wrong Product,4964.44
RET02091,ORD042654,2026-01-08,Product Not as Expected,7846.39
RET02092,ORD042655,2025-01-25,Damaged,1665.29
RET02093,ORD042659,2024-11-16,Damaged,11142.41
RET02094,ORD042710,2024-09-08,Product Not as Expected,6594.93
RET02095,ORD042714,2024-05-04,Size/Fit Issue,305.91
RET02096,ORD042725,2025-12-30,Size/Fit Issue,1367.72
RET02097,ORD042731,2024-10-09,Late Delivery,6869.96
RET02098,ORD042735,2024-07-08,Damaged,5758.05
RET02099,ORD042744,2024-05-25,Size/Fit Issue,11340.61
RET02100,ORD042750,2025-03-08,Damaged,6842.7
RET02101,ORD042758,2025-05-17,Changed Mind,1669.4
RET02102,ORD042771,2024-11-28,Wrong Product,1283.01
RET02103,ORD042779,2025-03-01,Late Delivery,11989.65
RET02104,ORD042784,2024-12-10,Poor Quality,8252.88
RET02105,ORD042789,2025-09-25,Size/Fit Issue,7761.61
RET02106,ORD042820,2025-12-28,Poor Quality,8076.36
RET02107,ORD042845,2025-01-06,Size/Fit Issue,5945.66
RET02108,ORD042911,2025-04-17,Product Not as Expected,5037.31
RET02109,ORD042962,2024-12-20,Wrong Product,10417.26
RET02110,ORD042964,2024-07-22,Changed Mind,5629.46
RET02111,ORD042968,2024-10-16,Damaged,6780.65
RET02112,ORD042985,2025-02-26,Late Delivery,5251.78
RET02113,ORD042996,2025-06-13,Late Delivery,5168.66
RET02114,ORD042999,2024-07-16,Late Delivery,1813.12
RET02115,ORD043002,2024-04-25,Wrong Product,7906.76
RET02116,ORD043034,2025-02-23,Changed Mind,11837.77
RET02117,ORD043056,2024-03-20,Product Not as Expected,9624.06
RET02118,ORD043075,2025-07-30,Size/Fit Issue,4213.29
RET02119,ORD043076,2025-06-07,Size/Fit Issue,5552.74
RET02120,ORD043109,2024-05-26,Damaged,10033.45
RET02121,ORD043151,2025-12-11,Late Delivery,6625.59
RET02122,ORD043162,2024-12-13,Wrong Product,2686.81
RET02123,ORD043188,2025-01-11,Product Not as Expected,5405.26
RET02124,ORD043282,2024-06-12,Size/Fit Issue,6913.05
RET02125,ORD043290,2025-09-20,Late Delivery,1907.16
RET02126,ORD043319,2025-06-06,Late Delivery,4765.56
RET02127,ORD043325,2025-03-29,Changed Mind,1618.32
RET02128,ORD043352,2025-07-25,Damaged,4778.42
RET02129,ORD043401,2025-10-04,Changed Mind,10851.81
RET02130,ORD043402,2024-03-27,Poor Quality,11123.38
RET02131,ORD043458,2024-11-02,Changed Mind,8237.73
RET02132,ORD043498,2024-09-01,Wrong Product,4352.4
RET02133,ORD043557,2025-08-14,Poor Quality,11543.08
RET02134,ORD043562,2024-03-24,Damaged,9370.04
RET02135,ORD043564,2025-12-05,Poor Quality,3153.09
RET02136,ORD043585,2024-05-04,Product Not as Expected,3257.48
RET02137,ORD043605,2024-10-02,Changed Mind,10081.88
RET02138,ORD043647,2025-06-08,Size/Fit Issue,10312.86
RET02139,ORD043660,2024-11-12,Size/Fit Issue,9890.2
RET02140,ORD043673,2025-11-17,Poor Quality,7685.5
RET02141,ORD043689,2024-02-08,Damaged,8407.34
RET02142,ORD043699,2025-11-06,Size/Fit Issue,2711.66
RET02143,ORD043734,2024-05-02,Size/Fit Issue,10568.44
RET02144,ORD043736,2024-04-05,Poor Quality,781.3
RET02145,ORD043745,2025-02-16,Late Delivery,2089.67
RET02146,ORD043748,2025-02-03,Size/Fit Issue,5424.1
RET02147,ORD043777,2025-08-16,Poor Quality,2308.93
RET02148,ORD043782,2024-11-09,Product Not as Expected,2263.68
RET02149,ORD043826,2024-08-27,Product Not as Expected,6158.97
RET02150,ORD043827,2024-04-12,Product Not as Expected,7253.24
RET02151,ORD043831,2024-03-08,Product Not as Expected,6810.75
RET02152,ORD043841,2026-01-15,Damaged,6100.11
RET02153,ORD043843,2024-05-10,Size/Fit Issue,9884.17
RET02154,ORD043890,2025-09-15,Late Delivery,9863.72
RET02155,ORD043911,2024-11-07,Damaged,5297.5
RET02156,ORD043920,2024-04-25,Size/Fit Issue,3756.18
RET02157,ORD043946,2024-11-24,Wrong Product,11992.25
RET02158,ORD043967,2024-12-20,Wrong Product,5553.88
RET02159,ORD043980,2025-06-07,Size/Fit Issue,10745.82
RET02160,ORD043993,2025-04-30,Size/Fit Issue,1921.72
RET02161,ORD044078,2024-09-17,Wrong Product,629.22
RET02162,ORD044131,2025-02-17,Late Delivery,7076.41
RET02163,ORD044148,2024-11-12,Poor Quality,5146.12
RET02164,ORD044182,2024-11-09,Changed Mind,6215.24
RET02165,ORD044183,2025-03-31,Size/Fit Issue,3328.45
RET02166,ORD044200,2025-12-04,Changed Mind,2900.6
RET02167,ORD044213,2024-12-17,Size/Fit Issue,8578.37
RET02168,ORD044242,2024-03-04,Poor Quality,5686.9
RET02169,ORD044245,2024-09-10,Product Not as Expected,5820.61
RET02170,ORD044246,2024-12-06,Changed Mind,8923.79
RET02171,ORD044301,2025-07-26,Poor Quality,11977.23
RET02172,ORD044334,2024-08-10,Poor Quality,2075.35
RET02173,ORD044336,2026-01-06,Late Delivery,2593.9
RET02174,ORD044351,2025-01-30,Wrong Product,11556.95
RET02175,ORD044352,2025-04-10,Changed Mind,1916.04
RET02176,ORD044363,2024-01-24,Poor Quality,6289.44
RET02177,ORD044378,2024-07-08,Late Delivery,4790.41
RET02178,ORD044429,2025-08-06,Late Delivery,1950.25
RET02179,ORD044538,2025-01-11,Product Not as Expected,2097.67
RET02180,ORD044541,2024-02-09,Changed Mind,4662.0
RET02181,ORD044545,2024-01-30,Size/Fit Issue,9994.18
RET02182,ORD044567,2025-10-27,Late Delivery,4336.13
RET02183,ORD044601,2025-01-24,Wrong Product,7372.79
RET02184,ORD044610,2024-04-28,Size/Fit Issue,9091.79
RET02185,ORD044631,2025-09-06,Size/Fit Issue,3742.11
RET02186,ORD044638,2025-09-07,Poor Quality,771.6
RET02187,ORD044689,2026-01-12,Changed Mind,10787.72
RET02188,ORD044696,2024-08-02,Changed Mind,11355.46
RET02189,ORD044710,2024-07-31,Damaged,5187.56
RET02190,ORD044719,2024-07-03,Late Delivery,1442.45
RET02191,ORD044722,2024-04-13,Changed Mind,6539.34
RET02192,ORD044735,2025-10-17,Size/Fit Issue,697.73
RET02193,ORD044746,2025-02-18,Changed Mind,11913.06
RET02194,ORD044748,2025-03-16,Damaged,3523.02
RET02195,ORD044761,2024-03-17,Product Not as Expected,8517.77
RET02196,ORD044773,2026-01-07,Wrong Product,5296.33
RET02197,ORD044811,2024-08-13,Wrong Product,5410.23
RET02198,ORD044815,2025-10-08,Product Not as Expected,9923.4
RET02199,ORD044831,2024-02-20,Damaged,9230.31
RET02200,ORD044839,2025-09-30,Poor Quality,2855.04
RET02201,ORD044840,2024-12-12,Damaged,3504.57
RET02202,ORD044886,2025-02-27,Late Delivery,10432.14
RET02203,ORD044943,2024-09-04,Damaged,4796.0
RET02204,ORD044959,2024-02-05,Late Delivery,11064.21
RET02205,ORD044978,2024-02-12,Damaged,7457.41
RET02206,ORD045002,2025-04-29,Product Not as Expected,3987.03
RET02207,ORD045059,2024-09-15,Size/Fit Issue,5958.22
RET02208,ORD045090,2024-04-04,Product Not as Expected,11520.85
RET02209,ORD045096,2025-12-19,Damaged,10722.76
RET02210,ORD045118,2025-10-13,Size/Fit Issue,4423.78
RET02211,ORD045119,2025-11-24,Poor Quality,4496.94
RET02212,ORD045121,2025-08-28,Changed Mind,10458.31
RET02213,ORD045166,2024-06-10,Damaged,9893.11
RET02214,ORD045201,2025-05-02,Changed Mind,6443.85
RET02215,ORD045216,2024-12-22,Poor Quality,4525.31
RET02216,ORD045228,2024-10-18,Poor Quality,7893.32
RET02217,ORD045284,2024-05-17,Changed Mind,11442.66
RET02218,ORD045313,2024-10-15,Product Not as Expected,2806.47
RET02219,ORD045328,2024-11-23,Damaged,8481.97
RET02220,ORD045359,2024-09-11,Wrong Product,9533.88
RET02221,ORD045422,2025-08-31,Late Delivery,8805.06
RET02222,ORD045467,2025-03-14,Late Delivery,2242.9
RET02223,ORD045468,2025-05-27,Damaged,8617.03
RET02224,ORD045545,2024-04-24,Product Not as Expected,9248.34
RET02225,ORD045595,2025-09-26,Damaged,3342.57
RET02226,ORD045600,2024-09-13,Poor Quality,10528.52
RET02227,ORD045652,2024-07-09,Size/Fit Issue,10534.05
RET02228,ORD045697,2024-10-24,Size/Fit Issue,1743.69
RET02229,ORD045700,2025-03-14,Wrong Product,3710.23
RET02230,ORD045719,2024-08-26,Damaged,7800.14
RET02231,ORD045727,2025-05-23,Changed Mind,5877.3
RET02232,ORD045733,2024-09-21,Product Not as Expected,1828.18
RET02233,ORD045761,2025-08-10,Late Delivery,8504.12
RET02234,ORD045763,2024-06-18,Size/Fit Issue,8311.89
RET02235,ORD045774,2025-01-28,Late Delivery,7673.67
RET02236,ORD045792,2024-07-15,Poor Quality,11871.6
RET02237,ORD045797,2025-11-19,Size/Fit Issue,11083.37
RET02238,ORD045806,2025-12-19,Poor Quality,4510.46
RET02239,ORD045810,2024-08-26,Late Delivery,6052.13
RET02240,ORD045855,2024-05-06,Product Not as Expected,6990.93
RET02241,ORD045859,2025-08-21,Wrong Product,1278.21
RET02242,ORD045862,2025-10-17,Late Delivery,2294.45
RET02243,ORD045875,2024-11-16,Damaged,2697.75
RET02244,ORD045898,2025-08-01,Damaged,9658.67
RET02245,ORD045905,2025-08-28,Wrong Product,8321.52
RET02246,ORD045906,2024-07-26,Poor Quality,6872.56
RET02247,ORD045909,2025-04-04,Product Not as Expected,2466.76
RET02248,ORD045912,2025-07-06,Wrong Product,11102.93
RET02249,ORD045961,2024-11-18,Product Not as Expected,3215.7
RET02250,ORD045962,2024-11-27,Late Delivery,10919.21
RET02251,ORD045979,2025-03-08,Poor Quality,644.93
RET02252,ORD045987,2025-06-27,Product Not as Expected,2382.8
RET02253,ORD046016,2024-10-27,Wrong Product,11974.08
RET02254,ORD046035,2024-09-02,Size/Fit Issue,1952.31
RET02255,ORD046038,2025-02-24,Product Not as Expected,5470.21
RET02256,ORD046054,2025-11-26,Late Delivery,10301.12
RET02257,ORD046124,2024-11-22,Size/Fit Issue,3423.47
RET02258,ORD046135,2024-06-26,Changed Mind,358.9
RET02259,ORD046139,2025-08-07,Size/Fit Issue,10579.25
RET02260,ORD046142,2024-02-15,Damaged,11082.3
RET02261,ORD046151,2025-07-02,Damaged,7423.45
RET02262,ORD046177,2024-11-27,Poor Quality,4430.51
RET02263,ORD046180,2025-10-26,Product Not as Expected,6226.98
RET02264,ORD046211,2024-04-01,Changed Mind,10563.62
RET02265,ORD046242,2024-07-20,Poor Quality,4018.07
RET02266,ORD046265,2024-03-12,Wrong Product,7941.93
RET02267,ORD046281,2024-10-30,Poor Quality,5631.01
RET02268,ORD046292,2024-07-21,Late Delivery,4550.17
RET02269,ORD046310,2025-02-14,Wrong Product,2135.95
RET02270,ORD046318,2025-05-28,Late Delivery,797.11
RET02271,ORD046380,2024-06-02,Late Delivery,11325.73
RET02272,ORD046450,2024-08-12,Product Not as Expected,1405.48
RET02273,ORD046476,2024-02-09,Changed Mind,10900.98
RET02274,ORD046478,2024-05-16,Changed Mind,6799.59
RET02275,ORD046484,2025-06-06,Damaged,5644.11
RET02276,ORD046487,2025-07-13,Wrong Product,11510.16
RET02277,ORD046511,2025-03-12,Changed Mind,9605.06
RET02278,ORD046535,2025-07-23,Changed Mind,8350.64
RET02279,ORD046566,2025-05-16,Late Delivery,6599.46
RET02280,ORD046569,2025-03-11,Size/Fit Issue,8785.86
RET02281,ORD046577,2025-02-02,Late Delivery,4411.71
RET02282,ORD046592,2026-01-25,Product Not as Expected,8205.06
RET02283,ORD046600,2024-07-29,Damaged,1952.26
RET02284,ORD046625,2024-11-03,Late Delivery,8924.9
RET02285,ORD046627,2024-05-22,Size/Fit Issue,10930.73
RET02286,ORD046632,2025-11-16,Wrong Product,6652.32
RET02287,ORD046647,2024-06-10,Damaged,10882.2
RET02288,ORD046659,2024-09-12,Product Not as Expected,600.73
RET02289,ORD046679,2025-04-28,Poor Quality,3438.08
RET02290,ORD046685,2024-11-16,Poor Quality,6877.68
RET02291,ORD046690,2025-01-06,Size/Fit Issue,2905.9
RET02292,ORD046701,2024-11-02,Product Not as Expected,7231.28
RET02293,ORD046713,2024-12-29,Product Not as Expected,7865.31
RET02294,ORD046717,2024-08-31,Wrong Product,1256.98
RET02295,ORD046733,2025-08-12,Size/Fit Issue,4157.68
RET02296,ORD046745,2024-10-05,Damaged,6564.18
RET02297,ORD046760,2025-06-23,Size/Fit Issue,6746.74
RET02298,ORD046776,2025-08-17,Product Not as Expected,7165.38
RET02299,ORD046811,2024-07-01,Size/Fit Issue,9988.26
RET02300,ORD046849,2024-12-02,Late Delivery,9457.97
RET02301,ORD046856,2025-01-21,Poor Quality,10615.2
RET02302,ORD046867,2025-11-08,Damaged,8837.23
RET02303,ORD046915,2024-11-22,Size/Fit Issue,7361.69
RET02304,ORD046920,2024-06-28,Poor Quality,11596.33
RET02305,ORD046935,2024-07-18,Size/Fit Issue,6281.8
RET02306,ORD046969,2025-06-23,Product Not as Expected,11730.04
RET02307,ORD046979,2024-08-30,Poor Quality,4837.77
RET02308,ORD047000,2025-01-21,Late Delivery,2530.31
RET02309,ORD047016,2025-03-31,Wrong Product,11025.7
RET02310,ORD047021,2024-04-27,Damaged,1542.62
RET02311,ORD047025,2025-02-16,Product Not as Expected,6175.44
RET02312,ORD047048,2024-08-12,Product Not as Expected,8439.01
RET02313,ORD047059,2025-11-02,Poor Quality,11466.52
RET02314,ORD047066,2024-06-24,Product Not as Expected,2620.41
RET02315,ORD047073,2025-02-06,Size/Fit Issue,5452.33
RET02316,ORD047085,2025-04-28,Product Not as Expected,2287.76
RET02317,ORD047089,2024-02-29,Poor Quality,7093.57
RET02318,ORD047113,2024-12-18,Size/Fit Issue,4300.79
RET02319,ORD047168,2025-04-15,Product Not as Expected,10682.77
RET02320,ORD047178,2025-06-26,Product Not as Expected,6392.51
RET02321,ORD047191,2025-02-27,Changed Mind,4290.87
RET02322,ORD047204,2025-05-29,Damaged,3652.15
RET02323,ORD047229,2025-03-11,Poor Quality,722.77
RET02324,ORD047252,2024-03-13,Wrong Product,686.97
RET02325,ORD047263,2025-08-18,Changed Mind,6935.99
RET02326,ORD047287,2024-05-23,Changed Mind,4798.88
RET02327,ORD047293,2024-11-22,Changed Mind,7960.46
RET02328,ORD047355,2024-12-21,Wrong Product,9852.5
RET02329,ORD047362,2024-07-09,Damaged,2705.78
RET02330,ORD047364,2024-11-04,Product Not as Expected,9087.86
RET02331,ORD047378,2025-11-16,Product Not as Expected,11886.03
RET02332,ORD047400,2024-02-28,Poor Quality,6089.28
RET02333,ORD047420,2025-08-08,Product Not as Expected,382.03
RET02334,ORD047428,2025-06-03,Product Not as Expected,3256.05
RET02335,ORD047443,2025-02-01,Poor Quality,2582.95
RET02336,ORD047474,2025-03-28,Product Not as Expected,5713.57
RET02337,ORD047498,2024-01-23,Poor Quality,883.05
RET02338,ORD047525,2024-08-19,Damaged,6523.24
RET02339,ORD047548,2024-07-06,Product Not as Expected,1233.86
RET02340,ORD047558,2024-04-23,Wrong Product,6256.21
RET02341,ORD047582,2024-06-29,Product Not as Expected,11204.46
RET02342,ORD047589,2025-08-31,Poor Quality,7016.91
RET02343,ORD047599,2025-09-24,Size/Fit Issue,872.45
RET02344,ORD047631,2025-06-26,Size/Fit Issue,11855.11
RET02345,ORD047651,2025-05-16,Late Delivery,9862.42
RET02346,ORD047661,2025-03-20,Late Delivery,6793.08
RET02347,ORD047675,2024-09-23,Poor Quality,5401.99
RET02348,ORD047694,2024-12-09,Wrong Product,11915.26
RET02349,ORD047714,2024-07-02,Poor Quality,748.29
RET02350,ORD047742,2024-05-14,Product Not as Expected,8271.94
RET02351,ORD047766,2024-02-23,Changed Mind,2185.96
RET02352,ORD047772,2024-11-09,Damaged,6981.1
RET02353,ORD047774,2025-04-19,Damaged,3810.48
RET02354,ORD047793,2024-04-29,Size/Fit Issue,1681.85
RET02355,ORD047838,2024-11-01,Damaged,6678.59
RET02356,ORD047846,2025-11-04,Wrong Product,4566.52
RET02357,ORD047872,2024-08-07,Poor Quality,2815.79
RET02358,ORD047909,2026-01-15,Damaged,1648.08
RET02359,ORD047920,2024-06-11,Size/Fit Issue,6411.98
RET02360,ORD047942,2025-03-08,Damaged,10059.53
RET02361,ORD047946,2025-12-18,Size/Fit Issue,8294.75
RET02362,ORD047964,2025-08-26,Wrong Product,9686.06
RET02363,ORD047969,2025-10-26,Product Not as Expected,6733.14
RET02364,ORD048015,2024-07-31,Changed Mind,5289.53
RET02365,ORD048029,2024-09-18,Poor Quality,1248.76
RET02366,ORD048043,2024-12-23,Late Delivery,10798.85
RET02367,ORD048064,2025-03-09,Changed Mind,757.86
RET02368,ORD048095,2024-08-22,Late Delivery,3968.58
RET02369,ORD048141,2026-01-22,Poor Quality,9141.7
RET02370,ORD048162,2025-05-03,Product Not as Expected,5966.93
RET02371,ORD048231,2024-03-22,Product Not as Expected,11260.07
RET02372,ORD048237,2024-07-08,Size/Fit Issue,4073.1
RET02373,ORD048256,2025-11-24,Wrong Product,7334.12
RET02374,ORD048268,2025-05-17,Poor Quality,2667.57
RET02375,ORD048276,2024-08-07,Changed Mind,9249.16
RET02376,ORD048292,2024-06-09,Product Not as Expected,11613.75
RET02377,ORD048293,2024-11-02,Size/Fit Issue,411.12
RET02378,ORD048312,2025-11-15,Damaged,5181.13
RET02379,ORD048326,2024-03-31,Changed Mind,8259.16
RET02380,ORD048331,2024-08-04,Poor Quality,3808.62
RET02381,ORD048350,2025-12-08,Product Not as Expected,6099.4
RET02382,ORD048364,2024-09-06,Product Not as Expected,11971.38
RET02383,ORD048380,2025-05-21,Product Not as Expected,8575.89
RET02384,ORD048422,2025-08-20,Changed Mind,6427.52
RET02385,ORD048425,2024-08-24,Product Not as Expected,11979.65
RET02386,ORD048479,2024-08-22,Damaged,1882.45
RET02387,ORD048498,2024-02-05,Wrong Product,5497.28
RET02388,ORD048500,2024-07-25,Wrong Product,7636.62
RET02389,ORD048504,2024-11-23,Changed Mind,446.45
RET02390,ORD048562,2024-03-05,Poor Quality,11192.34
RET02391,ORD048568,2024-10-28,Damaged,7586.38
RET02392,ORD048585,2025-11-21,Product Not as Expected,10944.46
RET02393,ORD048590,2025-05-28,Wrong Product,6460.21
RET02394,ORD048598,2025-04-16,Wrong Product,4217.17
RET02395,ORD048617,2025-04-18,Damaged,9884.22
RET02396,ORD048641,2025-11-19,Product Not as Expected,9534.27
RET02397,ORD048660,2024-08-20,Product Not as Expected,8753.68
RET02398,ORD048665,2024-11-01,Wrong Product,10077.3
RET02399,ORD048667,2025-09-28,Product Not as Expected,7156.85
RET02400,ORD048740,2024-12-02,Size/Fit Issue,11611.37
RET02401,ORD048745,2024-06-18,Damaged,1480.76
RET02402,ORD048757,2024-09-09,Changed Mind,11246.63
RET02403,ORD048761,2025-09-02,Damaged,5557.14
RET02404,ORD048786,2025-06-24,Late Delivery,3211.05
RET02405,ORD048806,2025-07-18,Wrong Product,11023.29
RET02406,ORD048820,2024-03-20,Damaged,11156.33
RET02407,ORD048829,2024-08-01,Size/Fit Issue,11249.39
RET02408,ORD048834,2025-01-14,Size/Fit Issue,6730.53
RET02409,ORD048883,2024-02-09,Size/Fit Issue,6145.28
RET02410,ORD048929,2024-10-26,Size/Fit Issue,4700.57
RET02411,ORD048936,2025-07-11,Wrong Product,4298.73
RET02412,ORD048937,2025-08-07,Product Not as Expected,7820.96
RET02413,ORD048968,2024-04-01,Size/Fit Issue,3967.87
RET02414,ORD049023,2025-07-01,Wrong Product,10264.28
RET02415,ORD049032,2024-03-20,Size/Fit Issue,8560.98
RET02416,ORD049043,2025-11-09,Product Not as Expected,10966.49
RET02417,ORD049047,2024-12-01,Size/Fit Issue,6880.07
RET02418,ORD049054,2024-04-10,Damaged,4070.28
RET02419,ORD049058,2024-11-28,Product Not as Expected,5848.09
RET02420,ORD049076,2024-04-05,Size/Fit Issue,2395.72
RET02421,ORD049107,2024-09-10,Changed Mind,538.54
RET02422,ORD049121,2024-11-02,Poor Quality,5405.78
RET02423,ORD049131,2025-07-30,Wrong Product,5085.15
RET02424,ORD049151,2025-12-27,Poor Quality,5672.3
RET02425,ORD049190,2024-05-06,Poor Quality,4114.09
RET02426,ORD049193,2024-11-30,Size/Fit Issue,4420.61
RET02427,ORD049205,2024-06-28,Product Not as Expected,1414.78
RET02428,ORD049218,2024-09-09,Changed Mind,10181.31
RET02429,ORD049249,2025-03-25,Size/Fit Issue,4233.23
RET02430,ORD049295,2025-05-26,Size/Fit Issue,11960.44
RET02431,ORD049306,2024-10-27,Changed Mind,4774.65
RET02432,ORD049311,2025-10-16,Size/Fit Issue,9324.83
RET02433,ORD049345,2025-08-13,Late Delivery,9354.46
RET02434,ORD049361,2024-11-10,Size/Fit Issue,2464.14
RET02435,ORD049397,2024-02-02,Poor Quality,9395.56
RET02436,ORD049401,2024-06-15,Size/Fit Issue,3765.52
RET02437,ORD049411,2024-07-23,Product Not as Expected,5201.37
RET02438,ORD049413,2024-03-11,Size/Fit Issue,3369.35
RET02439,ORD049435,2026-01-13,Product Not as Expected,3825.99
RET02440,ORD049470,2025-10-17,Wrong Product,3501.38
RET02441,ORD049543,2024-06-01,Size/Fit Issue,4920.83
RET02442,ORD049568,2024-06-06,Product Not as Expected,6183.19
RET02443,ORD049579,2025-11-06,Poor Quality,9727.37
RET02444,ORD049599,2024-09-04,Wrong Product,6013.01
RET02445,ORD049610,2024-07-22,Size/Fit Issue,9983.81
RET02446,ORD049685,2024-02-25,Product Not as Expected,3111.63
RET02447,ORD049691,2024-05-04,Late Delivery,644.4
RET02448,ORD049699,2024-12-22,Size/Fit Issue,11218.27
RET02449,ORD049765,2024-09-25,Size/Fit Issue,10363.95
RET02450,ORD049771,2024-05-24,Changed Mind,3315.56
RET02451,ORD049776,2025-10-17,Size/Fit Issue,2111.95
RET02452,ORD049782,2025-04-09,Damaged,6587.51
RET02453,ORD049841,2024-03-15,Late Delivery,3212.05
RET02454,ORD049858,2025-02-17,Wrong Product,504.48
RET02455,ORD049880,2025-06-25,Late Delivery,1935.64
RET02456,ORD049890,2025-05-01,Damaged,2547.28
RET02457,ORD049895,2024-09-25,Wrong Product,404.63
RET02458,ORD049905,2024-08-09,Product Not as Expected,5021.97
RET02459,ORD049919,2024-08-09,Wrong Product,6514.0
RET02460,ORD049954,2025-02-27,Changed Mind,10020.08
RET02461,ORD049957,2025-04-07,Late Delivery,6854.56
RET02462,ORD049968,2024-10-30,Product Not as Expected,6506.09
RET02463,ORD049970,2024-08-07,Damaged,4875.71
RET02464,ORD049998,2025-04-24,Product Not as Expected,2787.3
RET02465,ORD050008,2024-08-30,Changed Mind,7363.11
RET02466,ORD050026,2024-10-02,Damaged,4380.45
RET02467,ORD050033,2024-04-23,Late Delivery,6982.28
RET02468,ORD050035,2024-11-02,Poor Quality,1352.96
RET02469,ORD050053,2025-03-27,Poor Quality,7153.17
RET02470,ORD050074,2025-11-20,Late Delivery,690.0
RET02471,ORD050101,2025-06-29,Changed Mind,6121.14
RET02472,ORD050103,2024-04-02,Damaged,3294.89
RET02473,ORD050110,2025-02-13,Poor Quality,2344.84
RET02474,ORD050123,2025-11-15,Product Not as Expected,8964.96
RET02475,ORD050165,2026-01-03,Wrong Product,2795.98
RET02476,ORD050184,2025-03-17,Product Not as Expected,5194.04
RET02477,ORD050192,2025-04-25,Late Delivery,6611.67
RET02478,ORD050204,2024-06-01,Size/Fit Issue,1460.05
RET02479,ORD050222,2026-01-09,Changed Mind,9128.38
RET02480,ORD050262,2025-07-24,Damaged,10742.26
RET02481,ORD050324,2025-10-07,Late Delivery,8311.48
RET02482,ORD050334,2024-03-31,Late Delivery,5198.57
RET02483,ORD050346,2025-02-19,Wrong Product,8665.78
RET02484,ORD050350,2025-08-23,Wrong Product,9525.84
RET02485,ORD050351,2024-08-08,Size/Fit Issue,11185.24
RET02486,ORD050357,2025-07-03,Poor Quality,7114.31
RET02487,ORD050412,2025-02-25,Changed Mind,10032.37
RET02488,ORD050420,2025-03-18,Product Not as Expected,1204.86
RET02489,ORD050421,2025-02-10,Late Delivery,9893.61
RET02490,ORD050427,2024-05-25,Poor Quality,10366.91
RET02491,ORD050439,2025-10-29,Damaged,6092.63
RET02492,ORD050443,2024-05-26,Damaged,6226.52
RET02493,ORD050480,2025-04-28,Poor Quality,4865.01
RET02494,ORD050573,2025-08-12,Damaged,3167.71
RET02495,ORD050581,2025-01-02,Damaged,10683.97
RET02496,ORD050583,2024-08-23,Wrong Product,3185.24
RET02497,ORD050601,2025-09-25,Changed Mind,2050.54
RET02498,ORD050613,2025-11-07,Size/Fit Issue,7695.18
RET02499,ORD050614,2024-04-17,Damaged,4308.17
RET02500,ORD050626,2025-10-13,Product Not as Expected,8094.96
RET02501,ORD050639,2024-06-02,Size/Fit Issue,11621.85
RET02502,ORD050659,2024-12-05,Wrong Product,5680.12
RET02503,ORD050668,2025-12-05,Changed Mind,2199.95
RET02504,ORD050691,2025-03-17,Changed Mind,10754.66
RET02505,ORD050732,2025-05-23,Late Delivery,784.72
RET02506,ORD050750,2024-07-06,Product Not as Expected,1044.0
RET02507,ORD050751,2025-09-05,Damaged,1881.27
RET02508,ORD050766,2025-02-10,Late Delivery,8907.08
RET02509,ORD050768,2025-12-26,Poor Quality,4779.56
RET02510,ORD050802,2025-07-30,Late Delivery,982.42
RET02511,ORD050845,2024-10-28,Product Not as Expected,2741.84
RET02512,ORD050855,2025-10-30,Changed Mind,7462.59
RET02513,ORD050904,2025-12-14,Product Not as Expected,10095.96
RET02514,ORD050917,2024-08-18,Changed Mind,1144.13
RET02515,ORD050923,2025-12-08,Damaged,6982.83
RET02516,ORD050943,2024-06-29,Damaged,8793.72
RET02517,ORD050958,2024-02-19,Size/Fit Issue,6882.95
RET02518,ORD050964,2025-11-15,Size/Fit Issue,4089.62
RET02519,ORD050991,2025-09-04,Product Not as Expected,9658.04
RET02520,ORD051038,2025-07-21,Size/Fit Issue,10926.87
RET02521,ORD051044,2024-07-02,Damaged,737.73
RET02522,ORD051047,2024-10-31,Late Delivery,6951.18
RET02523,ORD051061,2025-01-01,Changed Mind,11784.05
RET02524,ORD051085,2025-04-20,Changed Mind,4912.75
RET02525,ORD051095,2025-10-08,Product Not as Expected,3235.85
RET02526,ORD051124,2025-04-19,Size/Fit Issue,10023.23
RET02527,ORD051141,2024-10-16,Damaged,8511.56
RET02528,ORD051160,2025-07-31,Size/Fit Issue,11484.16
RET02529,ORD051192,2024-02-06,Wrong Product,1902.51
RET02530,ORD051202,2025-09-12,Poor Quality,5263.34
RET02531,ORD051245,2025-04-04,Poor Quality,11847.76
RET02532,ORD051254,2025-08-24,Poor Quality,8908.55
RET02533,ORD051257,2025-03-21,Product Not as Expected,5223.97
RET02534,ORD051408,2024-11-29,Wrong Product,11484.83
RET02535,ORD051420,2025-03-22,Damaged,10781.21
RET02536,ORD051443,2024-04-24,Product Not as Expected,7783.79
RET02537,ORD051457,2024-08-27,Product Not as Expected,7447.75
RET02538,ORD051476,2024-11-30,Damaged,10233.46
RET02539,ORD051535,2025-11-05,Poor Quality,2781.8
RET02540,ORD051615,2025-03-13,Wrong Product,7114.5
RET02541,ORD051645,2024-12-23,Size/Fit Issue,4191.14
RET02542,ORD051665,2025-01-30,Product Not as Expected,3957.15
RET02543,ORD051670,2024-02-23,Product Not as Expected,11298.62
RET02544,ORD051680,2024-08-15,Product Not as Expected,8926.84
RET02545,ORD051681,2024-10-19,Damaged,11955.12
RET02546,ORD051691,2025-02-06,Size/Fit Issue,693.78
RET02547,ORD051732,2025-05-16,Damaged,4576.29
RET02548,ORD051740,2025-05-14,Late Delivery,726.44
RET02549,ORD051761,2025-11-15,Size/Fit Issue,2182.58
RET02550,ORD051779,2024-03-08,Product Not as Expected,4124.13
RET02551,ORD051788,2025-04-14,Size/Fit Issue,9530.65
RET02552,ORD051790,2025-08-24,Wrong Product,6172.73
RET02553,ORD051802,2025-09-07,Late Delivery,7693.47
RET02554,ORD051806,2024-08-16,Product Not as Expected,4415.64
RET02555,ORD051842,2024-11-18,Size/Fit Issue,9414.16
RET02556,ORD051862,2024-07-18,Product Not as Expected,6004.22
RET02557,ORD051880,2025-03-03,Size/Fit Issue,8701.27
RET02558,ORD051882,2024-05-27,Product Not as Expected,11696.89
RET02559,ORD051891,2024-04-23,Changed Mind,1251.29
RET02560,ORD051937,2024-12-06,Changed Mind,11639.31
RET02561,ORD051939,2024-04-19,Damaged,5280.2
RET02562,ORD051968,2025-04-08,Wrong Product,5819.48
RET02563,ORD051986,2024-09-25,Wrong Product,2164.3
RET02564,ORD052121,2024-09-04,Late Delivery,2944.17
RET02565,ORD052149,2025-03-22,Poor Quality,10933.6
RET02566,ORD052155,2025-02-06,Wrong Product,7905.38
RET02567,ORD052161,2024-05-09,Product Not as Expected,6012.13
RET02568,ORD052164,2024-03-16,Poor Quality,10857.09
RET02569,ORD052169,2025-04-26,Poor Quality,9761.22
RET02570,ORD052226,2024-02-13,Product Not as Expected,8666.49
RET02571,ORD052237,2025-02-13,Wrong Product,7280.31
RET02572,ORD052252,2025-02-22,Damaged,7306.35
RET02573,ORD052256,2025-03-02,Wrong Product,9136.3
RET02574,ORD052298,2024-10-29,Poor Quality,3251.85
RET02575,ORD052304,2025-03-11,Wrong Product,4118.97
RET02576,ORD052357,2026-01-13,Size/Fit Issue,11465.44
RET02577,ORD052363,2024-02-05,Changed Mind,2048.95
RET02578,ORD052383,2025-07-16,Product Not as Expected,5458.3
RET02579,ORD052401,2024-04-07,Size/Fit Issue,936.48
RET02580,ORD052435,2024-02-02,Size/Fit Issue,5278.89
RET02581,ORD052438,2024-08-20,Size/Fit Issue,6331.05
RET02582,ORD052489,2025-01-27,Damaged,10565.06
RET02583,ORD052540,2024-06-09,Damaged,3148.09
RET02584,ORD052550,2025-06-09,Product Not as Expected,8616.78
RET02585,ORD052582,2024-07-02,Wrong Product,11484.07
RET02586,ORD052590,2025-08-05,Late Delivery,628.23
RET02587,ORD052620,2024-11-25,Wrong Product,9487.23
RET02588,ORD052661,2024-08-07,Late Delivery,5111.7
RET02589,ORD052733,2025-09-29,Product Not as Expected,10620.28
RET02590,ORD052752,2025-02-25,Damaged,9127.91
RET02591,ORD052780,2025-12-08,Product Not as Expected,1693.55
RET02592,ORD052820,2024-07-03,Poor Quality,4578.79
RET02593,ORD052829,2025-04-28,Wrong Product,10400.23
RET02594,ORD052881,2024-01-29,Poor Quality,5031.49
RET02595,ORD052888,2024-06-28,Wrong Product,2861.78
RET02596,ORD052899,2025-07-19,Damaged,6915.44
RET02597,ORD052900,2024-10-27,Wrong Product,7687.62
RET02598,ORD052907,2025-01-24,Damaged,9236.48
RET02599,ORD052922,2025-04-27,Damaged,1283.91
RET02600,ORD052928,2024-09-06,Product Not as Expected,9833.13
RET02601,ORD052931,2025-09-01,Damaged,4981.38
RET02602,ORD052960,2026-01-06,Product Not as Expected,1263.98
RET02603,ORD052976,2024-03-30,Product Not as Expected,7134.48
RET02604,ORD052989,2025-07-08,Poor Quality,1728.18
RET02605,ORD053017,2026-01-02,Size/Fit Issue,8216.65
RET02606,ORD053019,2024-12-23,Poor Quality,6045.87
RET02607,ORD053057,2025-11-07,Damaged,5530.89
RET02608,ORD053122,2024-02-23,Wrong Product,10135.42
RET02609,ORD053140,2024-04-13,Size/Fit Issue,7613.83
RET02610,ORD053147,2024-07-27,Product Not as Expected,773.13
RET02611,ORD053157,2025-05-15,Late Delivery,4312.69
RET02612,ORD053182,2025-05-02,Size/Fit Issue,8911.41
RET02613,ORD053193,2024-03-23,Changed Mind,2822.79
RET02614,ORD053242,2024-07-20,Damaged,9651.76
RET02615,ORD053246,2025-03-26,Damaged,7424.36
RET02616,ORD053248,2024-08-04,Changed Mind,9396.81
RET02617,ORD053270,2024-02-07,Size/Fit Issue,3759.42
RET02618,ORD053273,2024-04-29,Size/Fit Issue,11134.01
RET02619,ORD053274,2024-05-12,Size/Fit Issue,7622.78
RET02620,ORD053291,2024-02-03,Late Delivery,6418.81
RET02621,ORD053366,2024-02-03,Damaged,3890.33
RET02622,ORD053381,2025-01-29,Product Not as Expected,5850.36
RET02623,ORD053398,2024-05-28,Poor Quality,11716.01
RET02624,ORD053401,2025-05-20,Size/Fit Issue,2288.23
RET02625,ORD053404,2024-09-10,Size/Fit Issue,11501.28
RET02626,ORD053405,2024-03-23,Damaged,10846.78
RET02627,ORD053406,2025-10-04,Changed Mind,6907.62
RET02628,ORD053415,2025-06-14,Poor Quality,6286.2
RET02629,ORD053462,2025-10-02,Changed Mind,6398.98
RET02630,ORD053464,2024-07-20,Changed Mind,5572.08
RET02631,ORD053493,2025-05-22,Poor Quality,9398.49
RET02632,ORD053505,2024-04-22,Size/Fit Issue,9981.63
RET02633,ORD053549,2024-07-12,Product Not as Expected,2974.95
RET02634,ORD053621,2025-01-19,Product Not as Expected,11333.66
RET02635,ORD053626,2025-05-05,Product Not as Expected,10542.32
RET02636,ORD053659,2024-02-17,Damaged,4184.36
RET02637,ORD053666,2025-10-16,Product Not as Expected,3884.36
RET02638,ORD053678,2025-09-23,Wrong Product,3770.5
RET02639,ORD053736,2024-02-04,Size/Fit Issue,1735.96
RET02640,ORD053774,2024-02-27,Size/Fit Issue,10689.94
RET02641,ORD053816,2026-01-10,Size/Fit Issue,5313.46
RET02642,ORD053827,2024-04-10,Poor Quality,3905.67
RET02643,ORD053838,2025-02-27,Product Not as Expected,4734.58
RET02644,ORD053840,2025-06-03,Changed Mind,8574.21
RET02645,ORD053844,2024-06-14,Product Not as Expected,4745.38
RET02646,ORD053875,2025-10-19,Changed Mind,635.18
RET02647,ORD053904,2024-04-21,Damaged,10886.07
RET02648,ORD053927,2024-12-23,Product Not as Expected,5074.69
RET02649,ORD053928,2025-04-18,Size/Fit Issue,2531.7
RET02650,ORD053942,2025-04-13,Changed Mind,3101.83
RET02651,ORD053951,2024-06-04,Changed Mind,3412.63
RET02652,ORD053964,2025-11-04,Poor Quality,7936.96
RET02653,ORD053969,2025-08-19,Damaged,2892.71
RET02654,ORD053984,2025-10-20,Size/Fit Issue,3005.01
RET02655,ORD054011,2024-05-25,Size/Fit Issue,7324.7
RET02656,ORD054018,2024-05-05,Product Not as Expected,11380.29
RET02657,ORD054042,2024-08-17,Wrong Product,1661.21
RET02658,ORD054057,2025-12-24,Changed Mind,9460.54
RET02659,ORD054065,2024-11-28,Late Delivery,8499.03
RET02660,ORD054124,2024-01-29,Product Not as Expected,8079.26
RET02661,ORD054211,2025-02-20,Wrong Product,11587.58
RET02662,ORD054218,2024-05-09,Late Delivery,6804.3
RET02663,ORD054230,2025-05-29,Wrong Product,2846.42
RET02664,ORD054234,2025-11-29,Product Not as Expected,10145.01
RET02665,ORD054304,2024-07-08,Size/Fit Issue,1156.95
RET02666,ORD054315,2024-09-12,Size/Fit Issue,6562.79
RET02667,ORD054322,2024-11-13,Damaged,5074.83
RET02668,ORD054326,2024-02-24,Wrong Product,8755.76
RET02669,ORD054354,2024-07-28,Size/Fit Issue,1636.98
RET02670,ORD054361,2025-07-30,Poor Quality,7716.1
RET02671,ORD054379,2024-03-03,Late Delivery,772.0
RET02672,ORD054395,2025-11-22,Damaged,2801.24
RET02673,ORD054398,2025-09-03,Poor Quality,2685.95
RET02674,ORD054441,2024-05-21,Wrong Product,6300.04
RET02675,ORD054468,2024-03-20,Damaged,4476.3
RET02676,ORD054531,2024-07-15,Product Not as Expected,529.96
RET02677,ORD054541,2024-01-30,Changed Mind,4290.27
RET02678,ORD054580,2025-07-20,Changed Mind,7059.68
RET02679,ORD054603,2025-03-15,Late Delivery,4796.58
RET02680,ORD054661,2024-03-27,Poor Quality,5966.97
RET02681,ORD054684,2024-06-03,Product Not as Expected,698.99
RET02682,ORD054690,2025-05-23,Damaged,494.82
RET02683,ORD054705,2024-09-05,Poor Quality,2564.75
RET02684,ORD054742,2025-09-29,Damaged,8740.18
RET02685,ORD054751,2025-10-22,Size/Fit Issue,3174.36
RET02686,ORD054770,2025-12-16,Poor Quality,11274.46
RET02687,ORD054787,2025-08-06,Product Not as Expected,3005.65
RET02688,ORD054790,2024-10-28,Late Delivery,4714.42
RET02689,ORD054816,2025-02-26,Poor Quality,4354.24
RET02690,ORD054827,2024-06-12,Wrong Product,11120.27
RET02691,ORD054876,2025-03-27,Damaged,4868.27
RET02692,ORD054913,2025-04-23,Poor Quality,4334.69
RET02693,ORD054949,2024-05-16,Product Not as Expected,691.12
RET02694,ORD054965,2025-12-17,Damaged,6602.4
RET02695,ORD054970,2025-08-12,Size/Fit Issue,3246.86
RET02696,ORD054994,2024-09-07,Damaged,6635.39
RET02697,ORD054995,2024-04-25,Size/Fit Issue,8007.69
RET02698,ORD055036,2024-02-23,Damaged,10536.97
RET02699,ORD055062,2024-11-30,Damaged,1823.27
RET02700,ORD055096,2025-03-03,Poor Quality,4766.75
RET02701,ORD055101,2024-01-22,Changed Mind,9839.33
RET02702,ORD055111,2024-01-12,Size/Fit Issue,9674.65
RET02703,ORD055120,2025-07-22,Size/Fit Issue,1046.38
RET02704,ORD055128,2024-05-21,Damaged,2611.18
RET02705,ORD055136,2025-11-15,Wrong Product,6575.05
RET02706,ORD055154,2024-01-17,Poor Quality,5320.74
RET02707,ORD055164,2024-04-02,Wrong Product,11585.31
RET02708,ORD055182,2024-05-18,Wrong Product,10019.56
RET02709,ORD055212,2025-07-03,Product Not as Expected,9400.38
RET02710,ORD055232,2025-07-06,Size/Fit Issue,10353.36
RET02711,ORD055285,2024-05-15,Damaged,11829.0
RET02712,ORD055324,2024-03-11,Poor Quality,6583.5
RET02713,ORD055341,2024-10-07,Poor Quality,7308.0
RET02714,ORD055342,2025-12-01,Late Delivery,1575.11
RET02715,ORD055397,2024-07-31,Wrong Product,5515.24
RET02716,ORD055402,2025-01-26,Wrong Product,11719.38
RET02717,ORD055408,2024-12-06,Late Delivery,2490.0
RET02718,ORD055449,2025-10-25,Changed Mind,11842.84
RET02719,ORD055452,2025-03-14,Poor Quality,8783.69
RET02720,ORD055458,2024-10-26,Wrong Product,3623.76
RET02721,ORD055466,2024-09-22,Wrong Product,7437.17
RET02722,ORD055540,2024-03-24,Wrong Product,6164.19
RET02723,ORD055564,2025-06-04,Changed Mind,1862.52
RET02724,ORD055570,2025-11-30,Changed Mind,11166.64
RET02725,ORD055576,2025-12-15,Changed Mind,928.31
RET02726,ORD055590,2025-01-27,Late Delivery,7955.69
RET02727,ORD055648,2024-09-21,Size/Fit Issue,10721.82
RET02728,ORD055654,2025-08-22,Poor Quality,6928.03
RET02729,ORD055678,2024-04-04,Poor Quality,10017.71
RET02730,ORD055682,2024-03-18,Product Not as Expected,3428.65
RET02731,ORD055700,2025-05-25,Changed Mind,11123.11
RET02732,ORD055707,2024-05-23,Product Not as Expected,6681.08
RET02733,ORD055712,2024-02-21,Changed Mind,4286.55
RET02734,ORD055748,2025-01-05,Poor Quality,3694.66
RET02735,ORD055796,2025-12-20,Poor Quality,8900.28
RET02736,ORD055834,2024-12-06,Product Not as Expected,710.67
RET02737,ORD055858,2025-09-07,Changed Mind,10286.72
RET02738,ORD055877,2025-06-28,Size/Fit Issue,5450.14
RET02739,ORD055880,2024-04-26,Product Not as Expected,3500.5
RET02740,ORD055902,2025-04-04,Poor Quality,9988.42
RET02741,ORD055909,2024-03-29,Late Delivery,2668.35
RET02742,ORD055910,2025-03-23,Late Delivery,3099.67
RET02743,ORD055918,2024-10-18,Poor Quality,2708.56
RET02744,ORD055937,2024-01-18,Size/Fit Issue,3514.64
RET02745,ORD055954,2025-10-01,Size/Fit Issue,2735.58
RET02746,ORD055960,2024-07-05,Poor Quality,9886.38
RET02747,ORD055962,2024-03-21,Damaged,6011.71
RET02748,ORD055977,2024-11-13,Product Not as Expected,11673.86
RET02749,ORD056059,2025-12-29,Changed Mind,9721.97
RET02750,ORD056116,2024-07-19,Poor Quality,7454.45
RET02751,ORD056133,2024-09-24,Product Not as Expected,4675.1
RET02752,ORD056143,2025-05-04,Product Not as Expected,6240.59
RET02753,ORD056144,2024-03-17,Changed Mind,1708.13
RET02754,ORD056163,2025-05-06,Size/Fit Issue,5540.31
RET02755,ORD056164,2024-03-31,Late Delivery,11518.98
RET02756,ORD056169,2024-03-18,Changed Mind,2434.29
RET02757,ORD056173,2025-12-29,Wrong Product,2903.96
RET02758,ORD056194,2024-11-30,Product Not as Expected,8427.61
RET02759,ORD056197,2024-05-20,Product Not as Expected,9962.21
RET02760,ORD056234,2024-08-07,Late Delivery,3896.22
RET02761,ORD056238,2024-12-27,Wrong Product,4481.52
RET02762,ORD056252,2024-06-19,Product Not as Expected,4569.21
RET02763,ORD056269,2024-05-21,Damaged,3814.19
RET02764,ORD056292,2025-08-10,Damaged,3500.65
RET02765,ORD056328,2025-01-03,Wrong Product,7128.62
RET02766,ORD056354,2025-03-22,Product Not as Expected,10113.68
RET02767,ORD056356,2025-11-17,Product Not as Expected,6422.78
RET02768,ORD056373,2024-08-30,Wrong Product,3449.56
RET02769,ORD056385,2025-10-02,Changed Mind,3694.2
RET02770,ORD056430,2024-09-22,Product Not as Expected,3653.42
RET02771,ORD056448,2025-08-19,Late Delivery,7532.95
RET02772,ORD056522,2024-04-22,Poor Quality,3180.35
RET02773,ORD056527,2024-09-07,Changed Mind,6954.56
RET02774,ORD056532,2025-08-12,Product Not as Expected,5892.5
RET02775,ORD056565,2025-03-06,Size/Fit Issue,3280.18
RET02776,ORD056620,2025-04-15,Wrong Product,9859.35
RET02777,ORD056647,2024-11-28,Product Not as Expected,5089.47
RET02778,ORD056676,2024-04-29,Poor Quality,1809.2
RET02779,ORD056730,2024-07-06,Size/Fit Issue,7046.74
RET02780,ORD056742,2025-01-14,Poor Quality,5546.47
RET02781,ORD056758,2025-10-13,Changed Mind,7484.82
RET02782,ORD056770,2025-10-12,Product Not as Expected,8874.18
RET02783,ORD056781,2024-06-28,Damaged,3216.38
RET02784,ORD056784,2024-10-09,Poor Quality,2716.36
RET02785,ORD056786,2024-11-21,Wrong Product,7684.58
RET02786,ORD056823,2025-02-06,Product Not as Expected,9818.44
RET02787,ORD056856,2024-06-14,Damaged,7373.53
RET02788,ORD056879,2025-07-03,Damaged,898.5
RET02789,ORD056881,2025-05-15,Changed Mind,9360.43
RET02790,ORD056887,2024-08-07,Damaged,977.66
RET02791,ORD056890,2024-11-25,Product Not as Expected,1180.12
RET02792,ORD056898,2025-01-03,Product Not as Expected,381.93
RET02793,ORD056899,2025-11-07,Poor Quality,8206.94
RET02794,ORD056923,2024-06-05,Wrong Product,5495.82
RET02795,ORD056927,2024-04-29,Size/Fit Issue,4572.38
RET02796,ORD056980,2024-02-04,Wrong Product,4320.21
RET02797,ORD057007,2025-10-24,Poor Quality,7438.65
RET02798,ORD057042,2024-02-03,Changed Mind,2474.64
RET02799,ORD057061,2024-06-02,Size/Fit Issue,9869.02
RET02800,ORD057065,2024-12-27,Wrong Product,11003.26
RET02801,ORD057088,2025-04-07,Poor Quality,8693.92
RET02802,ORD057122,2025-05-07,Poor Quality,8069.76
RET02803,ORD057123,2024-09-19,Damaged,3110.38
RET02804,ORD057136,2025-07-11,Changed Mind,4740.89
RET02805,ORD057144,2025-06-12,Poor Quality,1937.49
RET02806,ORD057152,2025-05-25,Damaged,8564.18
RET02807,ORD057165,2024-02-10,Size/Fit Issue,8442.16
RET02808,ORD057247,2025-06-04,Poor Quality,6299.71
RET02809,ORD057252,2025-07-28,Damaged,11050.95
RET02810,ORD057306,2024-06-23,Poor Quality,3930.7
RET02811,ORD057307,2025-09-24,Size/Fit Issue,9267.39
RET02812,ORD057364,2024-08-05,Product Not as Expected,413.36
RET02813,ORD057383,2024-07-24,Changed Mind,7095.48
RET02814,ORD057398,2025-08-04,Product Not as Expected,4597.01
RET02815,ORD057405,2024-11-03,Size/Fit Issue,5198.71
RET02816,ORD057427,2024-08-26,Size/Fit Issue,10168.95
RET02817,ORD057446,2024-03-15,Wrong Product,3817.44
RET02818,ORD057472,2025-07-18,Size/Fit Issue,5534.29
RET02819,ORD057536,2025-08-27,Late Delivery,6142.9
RET02820,ORD057552,2025-02-13,Damaged,8899.27
RET02821,ORD057560,2024-01-18,Product Not as Expected,6934.05
RET02822,ORD057583,2025-04-09,Poor Quality,1887.91
RET02823,ORD057605,2024-01-16,Poor Quality,3231.89
RET02824,ORD057615,2025-01-03,Damaged,8126.32
RET02825,ORD057638,2025-06-12,Size/Fit Issue,1025.88
RET02826,ORD057751,2025-05-23,Damaged,11177.07
RET02827,ORD057754,2024-10-19,Wrong Product,7445.62
RET02828,ORD057759,2024-08-13,Size/Fit Issue,7128.8
RET02829,ORD057790,2025-05-06,Poor Quality,4281.1
RET02830,ORD057836,2024-12-08,Size/Fit Issue,6634.68
RET02831,ORD057866,2024-07-25,Changed Mind,4442.42
RET02832,ORD057875,2025-12-02,Wrong Product,9419.32
RET02833,ORD057879,2025-06-07,Size/Fit Issue,1485.77
RET02834,ORD057881,2024-09-30,Size/Fit Issue,7150.64
RET02835,ORD057891,2024-07-04,Damaged,2658.42
RET02836,ORD057954,2024-06-17,Product Not as Expected,908.74
RET02837,ORD057972,2025-03-28,Damaged,10454.25
RET02838,ORD057989,2025-01-10,Poor Quality,8786.82
RET02839,ORD058028,2025-03-28,Size/Fit Issue,6782.99
RET02840,ORD058039,2025-09-01,Poor Quality,2921.81
RET02841,ORD058055,2024-11-29,Product Not as Expected,8152.85
RET02842,ORD058057,2025-04-17,Late Delivery,3655.47
RET02843,ORD058066,2025-05-14,Product Not as Expected,7376.22
RET02844,ORD058080,2025-04-15,Product Not as Expected,7244.54
RET02845,ORD058081,2024-10-13,Size/Fit Issue,9202.96
RET02846,ORD058102,2024-10-20,Poor Quality,2101.48
RET02847,ORD058162,2024-12-15,Changed Mind,2594.35
RET02848,ORD058164,2024-03-25,Wrong Product,6438.87
RET02849,ORD058181,2024-05-08,Changed Mind,8371.97
RET02850,ORD058197,2025-04-02,Size/Fit Issue,6073.01
RET02851,ORD058219,2024-02-12,Damaged,3116.5
RET02852,ORD058230,2024-02-21,Wrong Product,4787.16
RET02853,ORD058247,2024-04-01,Size/Fit Issue,6217.3
RET02854,ORD058259,2024-06-01,Size/Fit Issue,9350.55
RET02855,ORD058285,2025-11-12,Product Not as Expected,4699.99
RET02856,ORD058289,2024-08-26,Poor Quality,10891.05
RET02857,ORD058311,2025-12-14,Wrong Product,8114.89
RET02858,ORD058315,2024-12-25,Late Delivery,4463.78
RET02859,ORD058359,2025-08-26,Changed Mind,7964.55
RET02860,ORD058379,2025-06-18,Damaged,2246.95
RET02861,ORD058395,2024-08-23,Size/Fit Issue,4562.33
RET02862,ORD058401,2026-01-06,Damaged,6746.82
RET02863,ORD058421,2025-08-19,Wrong Product,3818.08
RET02864,ORD058477,2024-10-30,Changed Mind,8544.35
RET02865,ORD058545,2025-01-08,Changed Mind,6732.5
RET02866,ORD058596,2025-06-05,Size/Fit Issue,5064.54
RET02867,ORD058617,2024-06-18,Product Not as Expected,10352.21
RET02868,ORD058621,2024-04-02,Product Not as Expected,896.31
RET02869,ORD058627,2025-07-07,Size/Fit Issue,11956.2
RET02870,ORD058662,2024-10-17,Changed Mind,1542.09
RET02871,ORD058694,2024-05-27,Size/Fit Issue,9841.45
RET02872,ORD058696,2025-09-20,Poor Quality,580.08
RET02873,ORD058714,2025-03-30,Size/Fit Issue,3114.71
RET02874,ORD058754,2025-06-26,Damaged,4051.76
RET02875,ORD058758,2025-11-05,Damaged,8214.45
RET02876,ORD058766,2025-04-29,Changed Mind,9406.1
RET02877,ORD058777,2024-11-17,Poor Quality,8857.81
RET02878,ORD058797,2025-12-16,Poor Quality,9680.86
RET02879,ORD058821,2024-08-22,Product Not as Expected,2292.36
RET02880,ORD058836,2025-11-06,Poor Quality,2490.62
RET02881,ORD058860,2025-05-19,Wrong Product,7975.16
RET02882,ORD058895,2025-02-07,Size/Fit Issue,499.45
RET02883,ORD058906,2024-09-29,Size/Fit Issue,861.09
RET02884,ORD058912,2024-07-16,Product Not as Expected,9146.28
RET02885,ORD058963,2024-08-29,Product Not as Expected,1905.05
RET02886,ORD058982,2024-06-13,Damaged,5298.23
RET02887,ORD059029,2024-03-29,Late Delivery,7189.37
RET02888,ORD059033,2024-05-29,Damaged,11429.42
RET02889,ORD059035,2025-01-17,Poor Quality,5841.97
RET02890,ORD059046,2025-11-15,Damaged,879.9
RET02891,ORD059064,2025-03-26,Changed Mind,2264.47
RET02892,ORD059077,2024-09-27,Late Delivery,2508.82
RET02893,ORD059091,2024-06-11,Size/Fit Issue,2476.23
RET02894,ORD059099,2024-08-28,Product Not as Expected,11507.93
RET02895,ORD059104,2025-03-01,Product Not as Expected,1571.48
RET02896,ORD059127,2025-10-04,Product Not as Expected,2833.34
RET02897,ORD059128,2024-07-26,Late Delivery,3419.53
RET02898,ORD059137,2024-12-08,Damaged,10795.78
RET02899,ORD059146,2025-10-14,Product Not as Expected,8033.94
RET02900,ORD059151,2024-08-03,Size/Fit Issue,5065.32
RET02901,ORD059154,2024-10-16,Poor Quality,8961.92
RET02902,ORD059164,2024-12-19,Changed Mind,10231.58
RET02903,ORD059165,2025-09-12,Product Not as Expected,6705.19
RET02904,ORD059182,2025-08-14,Wrong Product,2038.47
RET02905,ORD059194,2024-08-20,Poor Quality,10046.19
RET02906,ORD059203,2024-05-18,Wrong Product,2627.15
RET02907,ORD059239,2025-09-04,Wrong Product,3263.08
RET02908,ORD059301,2024-10-28,Changed Mind,2146.84
RET02909,ORD059311,2025-07-11,Size/Fit Issue,2210.21
RET02910,ORD059312,2025-03-19,Wrong Product,5323.57
RET02911,ORD059387,2024-11-28,Damaged,11220.28
RET02912,ORD059392,2024-08-21,Damaged,11909.7
RET02913,ORD059393,2024-07-15,Wrong Product,2349.83
RET02914,ORD059394,2024-12-13,Wrong Product,1792.18
RET02915,ORD059450,2024-03-04,Wrong Product,10908.16
RET02916,ORD059476,2024-08-22,Product Not as Expected,10609.51
RET02917,ORD059488,2024-04-20,Late Delivery,10007.82
RET02918,ORD059491,2025-03-05,Damaged,1234.27
RET02919,ORD059503,2025-12-06,Poor Quality,408.3
RET02920,ORD059522,2025-01-21,Size/Fit Issue,749.95
RET02921,ORD059608,2025-12-27,Late Delivery,10890.09
RET02922,ORD059635,2025-01-16,Wrong Product,11155.05
RET02923,ORD059670,2025-07-07,Size/Fit Issue,3229.84
RET02924,ORD059671,2024-05-31,Late Delivery,4148.82
RET02925,ORD059760,2025-06-19,Damaged,9147.25
RET02926,ORD059773,2024-07-24,Wrong Product,8258.17
RET02927,ORD059775,2024-09-02,Wrong Product,8082.89
RET02928,ORD059782,2025-10-30,Late Delivery,11489.79
RET02929,ORD059785,2024-12-04,Damaged,1813.77
RET02930,ORD059788,2025-03-16,Product Not as Expected,7074.89
RET02931,ORD059790,2024-03-12,Damaged,3958.68
RET02932,ORD059805,2025-04-12,Damaged,4137.35
RET02933,ORD059817,2025-04-22,Late Delivery,413.74
RET02934,ORD059837,2025-01-24,Late Delivery,7597.81
RET02935,ORD059851,2024-04-24,Damaged,8303.6
RET02936,ORD059856,2024-02-24,Wrong Product,5846.68
RET02937,ORD059868,2024-10-09,Product Not as Expected,8362.82
RET02938,ORD059871,2024-10-07,Poor Quality,10317.46
RET02939,ORD059877,2025-08-15,Damaged,4946.73
RET02940,ORD059893,2024-06-23,Damaged,2557.99
RET02941,ORD059911,2024-10-17,Changed Mind,2288.28
RET02942,ORD059922,2025-11-01,Poor Quality,4322.16
RET02943,ORD059955,2024-01-18,Size/Fit Issue,2696.75
RET02944,ORD059968,2024-08-17,Damaged,2595.5
RET02945,ORD059993,2025-04-26,Damaged,3766.64
RET02946,ORD060028,2025-03-25,Product Not as Expected,6937.36
RET02947,ORD060056,2024-03-13,Poor Quality,10253.39
RET02948,ORD060092,2025-03-17,Changed Mind,3746.07
RET02949,ORD060101,2025-04-18,Wrong Product,4274.62
RET02950,ORD060104,2025-10-22,Poor Quality,4266.36
RET02951,ORD060105,2024-10-19,Changed Mind,6655.42
RET02952,ORD060130,2025-03-14,Late Delivery,10391.91
RET02953,ORD060131,2025-08-13,Poor Quality,4381.06
RET02954,ORD060139,2024-06-29,Damaged,8225.94
RET02955,ORD060145,2025-03-25,Poor Quality,11848.16
RET02956,ORD060146,2025-07-30,Size/Fit Issue,3418.07
RET02957,ORD060151,2024-07-25,Size/Fit Issue,3841.54
RET02958,ORD060166,2024-05-27,Product Not as Expected,1966.1
RET02959,ORD060167,2024-07-27,Size/Fit Issue,7881.32
RET02960,ORD060173,2025-10-01,Product Not as Expected,6684.02
RET02961,ORD060209,2024-10-19,Changed Mind,1475.2
RET02962,ORD060240,2025-09-05,Late Delivery,4382.55
RET02963,ORD060258,2025-07-13,Product Not as Expected,7823.38
RET02964,ORD060273,2025-01-06,Late Delivery,8646.74
RET02965,ORD060274,2024-06-16,Product Not as Expected,4714.54
RET02966,ORD060281,2024-08-23,Wrong Product,1997.77
RET02967,ORD060316,2025-05-14,Poor Quality,4200.33
RET02968,ORD060320,2024-12-11,Changed Mind,4674.54
RET02969,ORD060342,2024-04-17,Product Not as Expected,1590.75
RET02970,ORD060358,2025-01-18,Size/Fit Issue,9813.02
RET02971,ORD060373,2024-11-07,Late Delivery,2402.26
RET02972,ORD060378,2024-03-06,Size/Fit Issue,11652.54
RET02973,ORD060403,2025-12-18,Wrong Product,503.38
RET02974,ORD060404,2024-08-02,Size/Fit Issue,11564.3
RET02975,ORD060421,2024-05-18,Poor Quality,7544.6
RET02976,ORD060423,2025-05-31,Late Delivery,3120.47
RET02977,ORD060440,2025-09-02,Damaged,11660.38
RET02978,ORD060446,2025-10-07,Product Not as Expected,10960.26
RET02979,ORD060487,2024-10-23,Late Delivery,1791.65
RET02980,ORD060520,2025-08-15,Late Delivery,2281.58
RET02981,ORD060521,2025-11-09,Changed Mind,703.19
RET02982,ORD060543,2025-03-15,Size/Fit Issue,11984.64
RET02983,ORD060549,2024-07-19,Damaged,8944.35
RET02984,ORD060574,2025-10-06,Changed Mind,2915.79
RET02985,ORD060590,2024-02-03,Poor Quality,1279.98
RET02986,ORD060593,2024-09-07,Poor Quality,11190.23
RET02987,ORD060620,2024-10-07,Damaged,11734.26
RET02988,ORD060625,2024-11-13,Size/Fit Issue,8833.72
RET02989,ORD060626,2024-05-20,Size/Fit Issue,6133.97
RET02990,ORD060657,2025-03-16,Changed Mind,1037.3
RET02991,ORD060690,2024-09-27,Damaged,1786.17
RET02992,ORD060694,2025-05-30,Damaged,9631.73
RET02993,ORD060727,2024-03-26,Changed Mind,5336.44
RET02994,ORD060731,2025-06-26,Wrong Product,10305.32
RET02995,ORD060759,2024-01-21,Damaged,8177.57
RET02996,ORD060762,2024-03-05,Damaged,10840.07
RET02997,ORD060795,2025-02-18,Size/Fit Issue,11328.14
RET02998,ORD060859,2024-02-24,Poor Quality,9116.82
RET02999,ORD060912,2026-01-20,Changed Mind,9932.48
RET03000,ORD060926,2024-07-19,Size/Fit Issue,1252.69
RET03001,ORD060954,2025-07-06,Product Not as Expected,5818.22
RET03002,ORD060958,2024-03-04,Changed Mind,4791.52
RET03003,ORD060962,2024-08-06,Late Delivery,9099.55
RET03004,ORD061037,2025-04-22,Wrong Product,3074.75
RET03005,ORD061070,2024-07-29,Late Delivery,8341.09
RET03006,ORD061077,2024-02-07,Size/Fit Issue,1664.37
RET03007,ORD061080,2024-08-19,Product Not as Expected,6702.68
RET03008,ORD061084,2025-02-23,Product Not as Expected,4408.27
RET03009,ORD061100,2025-07-23,Changed Mind,4225.04
RET03010,ORD061103,2024-10-21,Wrong Product,11899.57
RET03011,ORD061119,2024-03-16,Damaged,6417.13
RET03012,ORD061122,2024-02-09,Size/Fit Issue,4085.86
RET03013,ORD061127,2025-02-13,Product Not as Expected,4073.82
RET03014,ORD061146,2025-02-08,Size/Fit Issue,11103.95
RET03015,ORD061150,2024-12-19,Poor Quality,10560.41
RET03016,ORD061161,2024-10-20,Damaged,3419.97
RET03017,ORD061171,2025-03-16,Poor Quality,8601.48
RET03018,ORD061185,2025-12-25,Damaged,4006.39
RET03019,ORD061235,2025-10-07,Late Delivery,8516.44
RET03020,ORD061269,2024-02-16,Product Not as Expected,7453.66
RET03021,ORD061295,2025-05-23,Late Delivery,5324.29
RET03022,ORD061302,2024-02-21,Poor Quality,1668.09
RET03023,ORD061414,2025-10-02,Wrong Product,1238.1
RET03024,ORD061424,2024-07-16,Size/Fit Issue,2002.29
RET03025,ORD061481,2025-05-30,Size/Fit Issue,5214.08
RET03026,ORD061482,2024-08-13,Wrong Product,5268.71
RET03027,ORD061492,2025-07-04,Product Not as Expected,7964.06
RET03028,ORD061539,2025-07-04,Poor Quality,6265.34
RET03029,ORD061550,2024-06-22,Damaged,7096.99
RET03030,ORD061565,2024-11-28,Wrong Product,7656.19
RET03031,ORD061575,2025-10-21,Poor Quality,4347.1
RET03032,ORD061604,2025-08-24,Size/Fit Issue,6744.96
RET03033,ORD061606,2024-07-17,Late Delivery,1927.18
RET03034,ORD061615,2024-11-23,Wrong Product,2240.84
RET03035,ORD061618,2025-01-18,Product Not as Expected,7805.67
RET03036,ORD061630,2024-03-06,Damaged,11189.42
RET03037,ORD061633,2025-10-18,Size/Fit Issue,1065.59
RET03038,ORD061636,2024-10-05,Size/Fit Issue,8134.08
RET03039,ORD061709,2024-04-30,Damaged,6341.24
RET03040,ORD061710,2024-04-12,Poor Quality,1729.12
RET03041,ORD061737,2024-01-26,Wrong Product,3949.24
RET03042,ORD061745,2025-10-05,Size/Fit Issue,7667.07
RET03043,ORD061753,2024-10-21,Size/Fit Issue,4252.3
RET03044,ORD061775,2025-12-12,Wrong Product,10073.41
RET03045,ORD061788,2025-06-10,Size/Fit Issue,11600.66
RET03046,ORD061847,2025-04-28,Late Delivery,612.06
RET03047,ORD061886,2024-06-12,Product Not as Expected,5529.51
RET03048,ORD061899,2024-09-02,Changed Mind,6007.28
RET03049,ORD061923,2024-07-20,Wrong Product,2881.65
RET03050,ORD061947,2024-10-19,Size/Fit Issue,11261.78
RET03051,ORD061964,2024-12-26,Product Not as Expected,10436.69
RET03052,ORD061968,2024-01-22,Damaged,2910.49
RET03053,ORD062016,2025-12-05,Late Delivery,4971.03
RET03054,ORD062017,2024-05-31,Changed Mind,2117.97
RET03055,ORD062029,2025-07-17,Wrong Product,1841.96
RET03056,ORD062087,2025-02-21,Poor Quality,3057.62
RET03057,ORD062113,2024-11-12,Changed Mind,4473.48
RET03058,ORD062117,2024-12-29,Product Not as Expected,8852.62
RET03059,ORD062140,2024-09-15,Poor Quality,2818.09
RET03060,ORD062143,2025-12-21,Changed Mind,3572.16
RET03061,ORD062151,2025-08-13,Wrong Product,11472.98
RET03062,ORD062192,2024-05-18,Poor Quality,10131.35
RET03063,ORD062208,2024-12-04,Size/Fit Issue,671.21
RET03064,ORD062218,2025-03-30,Damaged,9189.41
RET03065,ORD062245,2025-01-16,Product Not as Expected,7529.19
RET03066,ORD062289,2025-12-16,Damaged,8615.78
RET03067,ORD062298,2024-05-23,Wrong Product,6800.53
RET03068,ORD062326,2024-08-05,Poor Quality,10035.77
RET03069,ORD062359,2026-01-01,Wrong Product,6337.66
RET03070,ORD062367,2024-08-05,Late Delivery,9461.87
RET03071,ORD062406,2025-08-02,Late Delivery,6411.73
RET03072,ORD062408,2024-10-24,Damaged,3809.0
RET03073,ORD062409,2024-08-14,Damaged,1708.93
RET03074,ORD062454,2025-07-29,Poor Quality,6633.81
RET03075,ORD062467,2024-09-03,Size/Fit Issue,2739.78
RET03076,ORD062517,2025-03-27,Damaged,4586.51
RET03077,ORD062521,2024-01-28,Poor Quality,7019.39
RET03078,ORD062531,2025-06-25,Product Not as Expected,3021.04
RET03079,ORD062533,2024-07-12,Poor Quality,8257.6
RET03080,ORD062572,2025-04-18,Product Not as Expected,9873.48
RET03081,ORD062577,2024-04-01,Size/Fit Issue,6384.92
RET03082,ORD062619,2026-01-03,Size/Fit Issue,5874.81
RET03083,ORD062622,2025-06-05,Changed Mind,6211.86
RET03084,ORD062626,2025-05-05,Damaged,10516.63
RET03085,ORD062661,2025-09-15,Size/Fit Issue,11626.42
RET03086,ORD062662,2024-10-28,Damaged,9477.28
RET03087,ORD062733,2025-03-10,Damaged,7424.46
RET03088,ORD062788,2025-11-13,Poor Quality,6498.04
RET03089,ORD062795,2025-09-30,Late Delivery,10810.51
RET03090,ORD062816,2025-05-23,Changed Mind,6564.54
RET03091,ORD062826,2025-11-06,Size/Fit Issue,7100.11
RET03092,ORD062836,2024-03-05,Wrong Product,11329.64
RET03093,ORD062868,2024-11-26,Poor Quality,9358.87
RET03094,ORD062907,2025-06-16,Damaged,8709.48
RET03095,ORD062911,2025-01-21,Size/Fit Issue,1781.81
RET03096,ORD062912,2024-08-01,Product Not as Expected,7308.7
RET03097,ORD062925,2026-01-05,Product Not as Expected,8885.11
RET03098,ORD062957,2024-07-30,Late Delivery,9572.92
RET03099,ORD062969,2025-10-27,Wrong Product,7738.77
RET03100,ORD062970,2025-03-15,Poor Quality,4150.57
RET03101,ORD062997,2026-01-25,Late Delivery,4544.67
RET03102,ORD063022,2025-02-19,Late Delivery,464.09
RET03103,ORD063028,2024-04-10,Product Not as Expected,10633.3
RET03104,ORD063031,2025-08-08,Changed Mind,11194.65
RET03105,ORD063032,2024-08-26,Changed Mind,1539.36
RET03106,ORD063035,2025-03-17,Damaged,2005.08
RET03107,ORD063058,2025-01-04,Late Delivery,10983.21
RET03108,ORD063096,2024-03-06,Changed Mind,9921.54
RET03109,ORD063136,2025-09-20,Damaged,6496.27
RET03110,ORD063143,2025-11-16,Size/Fit Issue,7015.11
RET03111,ORD063145,2025-08-31,Damaged,10115.85
RET03112,ORD063176,2025-08-16,Product Not as Expected,9964.58
RET03113,ORD063210,2024-04-04,Late Delivery,1536.24
RET03114,ORD063211,2025-11-04,Poor Quality,2342.96
RET03115,ORD063228,2024-12-08,Poor Quality,2192.57
RET03116,ORD063235,2025-12-17,Product Not as Expected,11577.87
RET03117,ORD063295,2024-01-31,Damaged,1287.04
RET03118,ORD063306,2024-09-25,Size/Fit Issue,544.46
RET03119,ORD063308,2024-12-18,Size/Fit Issue,5249.96
RET03120,ORD063312,2025-04-23,Changed Mind,1004.19
RET03121,ORD063325,2024-08-04,Changed Mind,9924.16
RET03122,ORD063348,2024-02-25,Damaged,7038.72
RET03123,ORD063350,2024-11-23,Product Not as Expected,10226.01
RET03124,ORD063355,2025-09-02,Wrong Product,6466.45
RET03125,ORD063367,2025-04-18,Damaged,11548.25
RET03126,ORD063379,2025-06-24,Size/Fit Issue,6878.31
RET03127,ORD063402,2024-07-11,Wrong Product,6884.84
RET03128,ORD063404,2024-02-06,Product Not as Expected,5928.71
RET03129,ORD063405,2024-07-25,Wrong Product,2512.03
RET03130,ORD063416,2025-06-30,Poor Quality,400.14
RET03131,ORD063418,2025-12-23,Size/Fit Issue,761.0
RET03132,ORD063431,2024-09-23,Poor Quality,4903.72
RET03133,ORD063436,2024-04-14,Wrong Product,2463.42
RET03134,ORD063464,2024-10-22,Wrong Product,9298.4
RET03135,ORD063494,2025-01-02,Damaged,5325.31
RET03136,ORD063499,2026-01-09,Poor Quality,7501.9
RET03137,ORD063503,2025-06-12,Poor Quality,8091.42
RET03138,ORD063508,2025-02-15,Changed Mind,9287.64
RET03139,ORD063513,2025-07-12,Wrong Product,2216.14
RET03140,ORD063532,2025-03-18,Product Not as Expected,6611.63
RET03141,ORD063574,2024-09-13,Damaged,2130.59
RET03142,ORD063581,2026-01-01,Poor Quality,10156.85
RET03143,ORD063591,2025-11-18,Product Not as Expected,1565.92
RET03144,ORD063593,2024-09-07,Damaged,8631.36
RET03145,ORD063652,2024-12-19,Damaged,4269.82
RET03146,ORD063710,2024-08-15,Size/Fit Issue,9743.02
RET03147,ORD063717,2025-03-27,Changed Mind,1716.14
RET03148,ORD063725,2024-03-07,Size/Fit Issue,4247.9
RET03149,ORD063746,2025-10-07,Damaged,5527.52
RET03150,ORD063747,2024-04-14,Damaged,10314.83
RET03151,ORD063825,2025-03-06,Damaged,10303.47
RET03152,ORD063831,2025-07-26,Product Not as Expected,8278.98
RET03153,ORD063854,2025-11-28,Size/Fit Issue,1987.67
RET03154,ORD063856,2024-12-02,Damaged,4302.59
RET03155,ORD063865,2024-08-27,Damaged,8226.19
RET03156,ORD063877,2024-04-20,Wrong Product,11217.33
RET03157,ORD063897,2025-01-06,Product Not as Expected,11116.96
RET03158,ORD063917,2024-07-18,Late Delivery,10351.86
RET03159,ORD063945,2025-01-06,Poor Quality,10189.38
RET03160,ORD063949,2025-05-30,Poor Quality,5991.23
RET03161,ORD063954,2025-07-29,Changed Mind,5409.17
RET03162,ORD063971,2025-07-17,Wrong Product,8167.49
RET03163,ORD063983,2025-12-10,Changed Mind,1724.33
RET03164,ORD064015,2025-08-08,Poor Quality,10442.0
RET03165,ORD064044,2024-11-11,Size/Fit Issue,6070.22
RET03166,ORD064087,2024-03-28,Size/Fit Issue,9268.78
RET03167,ORD064102,2025-12-24,Size/Fit Issue,9826.05
RET03168,ORD064110,2024-03-28,Damaged,11868.85
RET03169,ORD064149,2024-04-24,Wrong Product,2885.86
RET03170,ORD064301,2024-08-05,Poor Quality,6908.42
RET03171,ORD064321,2025-02-23,Product Not as Expected,10417.79
RET03172,ORD064336,2025-04-05,Poor Quality,10719.83
RET03173,ORD064340,2024-06-26,Size/Fit Issue,7376.34
RET03174,ORD064345,2025-02-03,Product Not as Expected,11462.33
RET03175,ORD064367,2026-01-01,Poor Quality,7419.24
RET03176,ORD064387,2025-10-12,Late Delivery,11047.49
RET03177,ORD064391,2024-06-05,Product Not as Expected,10853.38
RET03178,ORD064421,2025-04-15,Wrong Product,11835.91
RET03179,ORD064431,2025-06-09,Product Not as Expected,5887.78
RET03180,ORD064444,2025-04-23,Poor Quality,11483.48
RET03181,ORD064453,2025-10-24,Late Delivery,3184.42
RET03182,ORD064455,2025-11-17,Poor Quality,1386.74
RET03183,ORD064533,2024-03-27,Damaged,11761.98
RET03184,ORD064551,2025-09-11,Size/Fit Issue,1299.85
RET03185,ORD064597,2024-08-16,Changed Mind,11713.26
RET03186,ORD064622,2025-03-20,Wrong Product,4570.84
RET03187,ORD064655,2024-07-11,Poor Quality,1779.73
RET03188,ORD064660,2025-10-24,Size/Fit Issue,1309.18
RET03189,ORD064708,2025-03-26,Product Not as Expected,8839.33
RET03190,ORD064761,2024-10-02,Size/Fit Issue,4849.7
RET03191,ORD064787,2025-12-02,Late Delivery,5614.53
RET03192,ORD064802,2024-07-19,Wrong Product,11435.54
RET03193,ORD064805,2024-10-13,Changed Mind,8840.59
RET03194,ORD064807,2025-08-23,Changed Mind,6662.75
RET03195,ORD064815,2025-08-10,Size/Fit Issue,5380.36
RET03196,ORD064864,2025-03-06,Size/Fit Issue,5298.86
RET03197,ORD064880,2024-06-07,Late Delivery,2634.13
RET03198,ORD064882,2025-11-19,Poor Quality,2735.51
RET03199,ORD064893,2024-03-16,Changed Mind,4012.36
RET03200,ORD064920,2025-04-21,Wrong Product,1875.79
RET03201,ORD064927,2025-04-10,Product Not as Expected,10525.19
RET03202,ORD064932,2025-02-14,Damaged,1628.16
RET03203,ORD064976,2025-08-04,Late Delivery,6985.9
RET03204,ORD064979,2024-03-31,Poor Quality,1335.47
RET03205,ORD064993,2025-03-09,Size/Fit Issue,1724.85
RET03206,ORD065007,2024-12-04,Size/Fit Issue,1036.62
RET03207,ORD065021,2025-11-21,Wrong Product,8286.99
RET03208,ORD065048,2024-04-30,Product Not as Expected,6796.04
RET03209,ORD065059,2026-01-25,Late Delivery,4335.65
RET03210,ORD065088,2026-01-26,Size/Fit Issue,7478.67
RET03211,ORD065095,2024-07-08,Size/Fit Issue,4116.87
RET03212,ORD065127,2026-01-10,Size/Fit Issue,3944.81
RET03213,ORD065173,2024-05-24,Product Not as Expected,8366.02
RET03214,ORD065177,2025-12-19,Size/Fit Issue,7322.88
RET03215,ORD065180,2025-07-07,Product Not as Expected,11872.71
RET03216,ORD065195,2025-10-06,Wrong Product,1719.81
RET03217,ORD065198,2024-09-22,Damaged,3775.76
RET03218,ORD065202,2024-09-11,Late Delivery,9102.93
RET03219,ORD065209,2025-11-03,Wrong Product,2498.42
RET03220,ORD065217,2025-11-24,Poor Quality,5285.72
RET03221,ORD065227,2024-10-01,Damaged,5025.19
RET03222,ORD065256,2025-11-16,Poor Quality,11483.96
RET03223,ORD065263,2024-03-01,Damaged,6842.83
RET03224,ORD065276,2024-01-27,Late Delivery,10169.46
RET03225,ORD065289,2024-02-23,Poor Quality,5740.87
RET03226,ORD065313,2024-02-02,Product Not as Expected,10753.52
RET03227,ORD065354,2025-02-09,Damaged,6689.42
RET03228,ORD065360,2025-01-24,Damaged,2170.73
RET03229,ORD065364,2025-04-11,Wrong Product,7758.71
RET03230,ORD065382,2025-04-21,Late Delivery,6187.41
RET03231,ORD065411,2025-12-01,Product Not as Expected,1470.65
RET03232,ORD065461,2025-05-03,Wrong Product,6985.29
RET03233,ORD065465,2025-12-02,Size/Fit Issue,3994.88
RET03234,ORD065483,2024-06-03,Wrong Product,6877.89
RET03235,ORD065497,2025-06-07,Changed Mind,700.17
RET03236,ORD065498,2024-09-04,Size/Fit Issue,10701.8
RET03237,ORD065524,2025-03-26,Damaged,5828.46
RET03238,ORD065533,2024-10-03,Size/Fit Issue,9703.47
RET03239,ORD065564,2024-03-10,Product Not as Expected,11032.38
RET03240,ORD065597,2025-08-18,Damaged,525.68
RET03241,ORD065660,2024-02-04,Wrong Product,10557.21
RET03242,ORD065664,2024-07-21,Late Delivery,10502.38
RET03243,ORD065709,2025-03-05,Size/Fit Issue,10809.63
RET03244,ORD065742,2025-08-14,Damaged,3843.4
RET03245,ORD065755,2025-06-01,Size/Fit Issue,1728.21
RET03246,ORD065760,2025-12-31,Wrong Product,10493.62
RET03247,ORD065767,2025-05-29,Poor Quality,1279.34
RET03248,ORD065775,2025-01-19,Poor Quality,5942.65
RET03249,ORD065785,2024-03-08,Damaged,11452.42
RET03250,ORD065802,2024-02-18,Damaged,9318.26
RET03251,ORD065834,2025-10-18,Late Delivery,3248.5
RET03252,ORD065861,2024-06-22,Size/Fit Issue,5536.58
RET03253,ORD065880,2024-03-17,Size/Fit Issue,8925.15
RET03254,ORD065907,2024-11-29,Product Not as Expected,3387.79
RET03255,ORD065938,2025-08-08,Changed Mind,7857.44
RET03256,ORD065999,2024-07-30,Changed Mind,358.88
RET03257,ORD066027,2024-08-19,Changed Mind,2605.18
RET03258,ORD066029,2024-12-26,Wrong Product,8405.84
RET03259,ORD066043,2025-09-22,Damaged,2014.52
RET03260,ORD066064,2024-06-28,Size/Fit Issue,8430.86
RET03261,ORD066066,2024-02-03,Wrong Product,6305.97
RET03262,ORD066088,2025-09-28,Changed Mind,7448.7
RET03263,ORD066104,2025-10-17,Late Delivery,1115.75
RET03264,ORD066121,2024-09-01,Size/Fit Issue,4917.3
RET03265,ORD066151,2024-06-08,Damaged,8765.0
RET03266,ORD066158,2025-01-09,Size/Fit Issue,2556.02
RET03267,ORD066170,2025-08-13,Changed Mind,3266.82
RET03268,ORD066172,2024-06-14,Size/Fit Issue,1599.17
RET03269,ORD066180,2025-04-15,Changed Mind,10083.55
RET03270,ORD066213,2024-12-26,Size/Fit Issue,3028.36
RET03271,ORD066247,2024-10-03,Size/Fit Issue,9510.4
RET03272,ORD066249,2025-02-08,Product Not as Expected,11346.31
RET03273,ORD066285,2025-04-07,Damaged,1900.67
RET03274,ORD066333,2025-12-01,Product Not as Expected,1572.83
RET03275,ORD066343,2024-08-28,Wrong Product,11084.02
RET03276,ORD066354,2025-06-24,Size/Fit Issue,10292.36
RET03277,ORD066356,2025-07-02,Changed Mind,9247.95
RET03278,ORD066359,2024-04-16,Product Not as Expected,920.29
RET03279,ORD066374,2025-08-13,Damaged,645.63
RET03280,ORD066376,2025-10-04,Product Not as Expected,6013.02
RET03281,ORD066415,2024-11-12,Size/Fit Issue,7127.26
RET03282,ORD066436,2024-03-19,Size/Fit Issue,9312.37
RET03283,ORD066470,2025-10-22,Size/Fit Issue,10842.62
RET03284,ORD066499,2026-01-04,Size/Fit Issue,7124.73
RET03285,ORD066500,2025-01-29,Size/Fit Issue,2424.33
RET03286,ORD066501,2025-10-30,Damaged,7364.82
RET03287,ORD066513,2025-08-07,Late Delivery,7152.11
RET03288,ORD066516,2025-11-08,Wrong Product,11967.56
RET03289,ORD066540,2024-08-08,Changed Mind,11760.93
RET03290,ORD066554,2024-11-18,Wrong Product,1484.71
RET03291,ORD066566,2025-03-02,Changed Mind,10106.23
RET03292,ORD066617,2025-06-28,Wrong Product,1875.94
RET03293,ORD066665,2025-10-06,Size/Fit Issue,3583.63
RET03294,ORD066688,2024-08-25,Changed Mind,10534.86
RET03295,ORD066690,2024-04-08,Poor Quality,4467.31
RET03296,ORD066699,2025-05-26,Poor Quality,1640.64
RET03297,ORD066705,2025-10-24,Damaged,6801.2
RET03298,ORD066706,2025-09-04,Wrong Product,8263.5
RET03299,ORD066743,2025-02-27,Size/Fit Issue,8302.01
RET03300,ORD066746,2024-02-14,Size/Fit Issue,4116.75
RET03301,ORD066808,2025-01-26,Poor Quality,2164.46
RET03302,ORD066828,2025-01-26,Damaged,4352.81
RET03303,ORD066829,2025-02-17,Product Not as Expected,2966.29
RET03304,ORD066853,2025-10-02,Late Delivery,9401.67
RET03305,ORD066901,2025-03-27,Wrong Product,9862.69
RET03306,ORD066913,2024-05-04,Changed Mind,8822.83
RET03307,ORD066922,2024-08-08,Late Delivery,2827.24
RET03308,ORD066924,2025-02-26,Size/Fit Issue,6417.91
RET03309,ORD066930,2024-09-08,Product Not as Expected,6052.33
RET03310,ORD066953,2025-05-02,Product Not as Expected,7177.71
RET03311,ORD066958,2025-06-26,Damaged,1420.0
RET03312,ORD066988,2025-06-09,Product Not as Expected,10805.68
RET03313,ORD066995,2025-11-14,Poor Quality,9953.4
RET03314,ORD067028,2024-10-18,Wrong Product,8844.19
RET03315,ORD067044,2025-07-11,Damaged,1561.0
RET03316,ORD067081,2024-10-23,Product Not as Expected,1381.25
RET03317,ORD067082,2025-03-13,Damaged,1328.75
RET03318,ORD067095,2024-07-20,Changed Mind,2607.67
RET03319,ORD067119,2025-02-28,Damaged,3490.43
RET03320,ORD067120,2024-08-23,Changed Mind,9938.15
RET03321,ORD067137,2025-11-25,Size/Fit Issue,8151.51
RET03322,ORD067141,2025-06-11,Late Delivery,6731.09
RET03323,ORD067184,2025-08-26,Damaged,4346.65
RET03324,ORD067205,2025-02-04,Late Delivery,9268.32
RET03325,ORD067207,2025-10-30,Product Not as Expected,10188.27
RET03326,ORD067213,2024-02-08,Wrong Product,4390.63
RET03327,ORD067228,2024-10-18,Poor Quality,4347.44
RET03328,ORD067249,2024-10-05,Wrong Product,4827.91
RET03329,ORD067260,2025-02-04,Changed Mind,5226.62
RET03330,ORD067270,2025-01-29,Poor Quality,1644.03
RET03331,ORD067297,2024-04-24,Late Delivery,5352.76
RET03332,ORD067299,2024-07-29,Size/Fit Issue,6006.35
RET03333,ORD067309,2024-10-03,Poor Quality,3578.16
RET03334,ORD067311,2025-12-17,Size/Fit Issue,11145.35
RET03335,ORD067328,2025-12-29,Size/Fit Issue,1677.55
RET03336,ORD067354,2025-03-04,Product Not as Expected,10257.86
RET03337,ORD067394,2024-11-19,Product Not as Expected,324.56
RET03338,ORD067412,2024-09-19,Poor Quality,456.07
RET03339,ORD067477,2024-04-17,Damaged,11546.09
RET03340,ORD067510,2025-09-18,Product Not as Expected,10803.22
RET03341,ORD067551,2025-10-31,Product Not as Expected,5975.26
RET03342,ORD067555,2024-09-14,Poor Quality,2499.88
RET03343,ORD067572,2024-01-31,Product Not as Expected,4540.23
RET03344,ORD067607,2025-04-12,Late Delivery,749.92
RET03345,ORD067616,2025-06-29,Size/Fit Issue,8752.61
RET03346,ORD067647,2024-04-01,Changed Mind,10462.06
RET03347,ORD067654,2024-01-25,Product Not as Expected,435.21
RET03348,ORD067661,2024-08-02,Late Delivery,1798.69
RET03349,ORD067663,2025-06-04,Changed Mind,7501.97
RET03350,ORD067666,2024-01-25,Product Not as Expected,10760.97
RET03351,ORD067676,2024-09-24,Changed Mind,2877.28
RET03352,ORD067679,2025-06-15,Late Delivery,5051.36
RET03353,ORD067692,2025-01-30,Product Not as Expected,7819.56
RET03354,ORD067744,2024-11-27,Wrong Product,7288.98
RET03355,ORD067761,2025-12-21,Size/Fit Issue,3381.28
RET03356,ORD067780,2024-12-07,Damaged,3184.63
RET03357,ORD067800,2024-06-29,Damaged,9625.5
RET03358,ORD067808,2025-03-15,Late Delivery,6933.22
RET03359,ORD067837,2025-02-10,Changed Mind,1803.78
RET03360,ORD067841,2024-08-29,Size/Fit Issue,3077.86
RET03361,ORD067875,2024-09-22,Damaged,5247.75
RET03362,ORD067880,2024-11-05,Changed Mind,6619.33
RET03363,ORD067890,2025-06-01,Wrong Product,5711.78
RET03364,ORD067895,2024-08-05,Product Not as Expected,8057.31
RET03365,ORD067929,2025-03-26,Poor Quality,6817.98
RET03366,ORD067941,2024-04-22,Wrong Product,8512.82
RET03367,ORD067957,2025-08-16,Changed Mind,9787.94
RET03368,ORD067966,2024-11-18,Changed Mind,5037.83
RET03369,ORD067967,2024-07-03,Poor Quality,8371.58
RET03370,ORD067991,2025-01-31,Product Not as Expected,4246.86
RET03371,ORD068019,2025-11-09,Product Not as Expected,10435.8
RET03372,ORD068046,2025-02-21,Damaged,6236.57
RET03373,ORD068054,2024-11-06,Damaged,2101.62
RET03374,ORD068074,2025-03-22,Wrong Product,10015.65
RET03375,ORD068075,2025-03-19,Poor Quality,6393.06
RET03376,ORD068115,2024-03-06,Poor Quality,8443.87
RET03377,ORD068162,2024-06-10,Damaged,11848.17
RET03378,ORD068194,2025-06-24,Poor Quality,649.32
RET03379,ORD068228,2025-04-26,Damaged,6391.27
RET03380,ORD068239,2024-10-27,Size/Fit Issue,10855.9
RET03381,ORD068248,2024-07-09,Product Not as Expected,11794.06
RET03382,ORD068264,2025-03-19,Poor Quality,6011.19
RET03383,ORD068276,2024-08-11,Damaged,7358.93
RET03384,ORD068280,2024-05-17,Changed Mind,7088.42
RET03385,ORD068302,2025-04-23,Changed Mind,6567.82
RET03386,ORD068310,2024-10-22,Product Not as Expected,5605.83
RET03387,ORD068346,2025-08-31,Product Not as Expected,1580.6
RET03388,ORD068367,2024-09-07,Late Delivery,11734.16
RET03389,ORD068389,2024-12-14,Poor Quality,3631.4
RET03390,ORD068399,2025-07-21,Poor Quality,10850.55
RET03391,ORD068405,2025-06-22,Size/Fit Issue,8843.27
RET03392,ORD068422,2024-05-16,Size/Fit Issue,4616.5
RET03393,ORD068448,2024-11-30,Wrong Product,11790.06
RET03394,ORD068455,2024-08-08,Late Delivery,1616.32
RET03395,ORD068506,2025-05-15,Damaged,9722.98
RET03396,ORD068516,2025-07-01,Poor Quality,1302.75
RET03397,ORD068565,2025-12-20,Size/Fit Issue,10422.12
RET03398,ORD068566,2025-06-13,Size/Fit Issue,2481.13
RET03399,ORD068593,2024-01-08,Wrong Product,8049.25
RET03400,ORD068601,2024-08-20,Changed Mind,5475.66
RET03401,ORD068605,2024-08-27,Wrong Product,4238.5
RET03402,ORD068612,2024-09-08,Damaged,10932.08
RET03403,ORD068640,2025-12-01,Wrong Product,8737.2
RET03404,ORD068644,2026-01-13,Damaged,6164.57
RET03405,ORD068663,2024-03-29,Late Delivery,4046.31
RET03406,ORD068749,2025-07-09,Damaged,974.96
RET03407,ORD068759,2024-04-02,Wrong Product,11554.8
RET03408,ORD068760,2025-06-17,Size/Fit Issue,10779.58
RET03409,ORD068768,2025-02-11,Late Delivery,8742.11
RET03410,ORD068788,2025-09-21,Damaged,11543.61
RET03411,ORD068797,2025-09-05,Poor Quality,757.75
RET03412,ORD068807,2025-09-30,Damaged,3303.72
RET03413,ORD068820,2024-11-22,Product Not as Expected,781.43
RET03414,ORD068821,2024-02-24,Size/Fit Issue,621.0
RET03415,ORD068829,2025-07-08,Product Not as Expected,2327.55
RET03416,ORD068834,2025-06-05,Product Not as Expected,10054.92
RET03417,ORD068847,2024-03-08,Product Not as Expected,901.8
RET03418,ORD068862,2025-07-13,Poor Quality,6420.42
RET03419,ORD068929,2025-08-21,Poor Quality,11157.24
RET03420,ORD069010,2025-08-01,Product Not as Expected,1216.85
RET03421,ORD069013,2025-07-23,Product Not as Expected,11167.84
RET03422,ORD069038,2025-03-03,Size/Fit Issue,7921.98
RET03423,ORD069051,2024-02-22,Product Not as Expected,9399.57
RET03424,ORD069055,2025-06-24,Changed Mind,4816.68
RET03425,ORD069065,2025-04-07,Damaged,2426.63
RET03426,ORD069066,2025-10-29,Damaged,6688.87
RET03427,ORD069069,2025-01-13,Late Delivery,3763.12
RET03428,ORD069081,2025-10-25,Size/Fit Issue,4169.34
RET03429,ORD069092,2025-12-16,Changed Mind,469.73
RET03430,ORD069110,2024-04-07,Size/Fit Issue,2447.32
RET03431,ORD069169,2025-11-05,Damaged,8746.69
RET03432,ORD069192,2025-01-04,Product Not as Expected,5176.57
RET03433,ORD069193,2024-07-12,Size/Fit Issue,2321.24
RET03434,ORD069207,2024-04-26,Poor Quality,7627.13
RET03435,ORD069230,2026-01-17,Changed Mind,9972.97
RET03436,ORD069245,2026-01-27,Size/Fit Issue,8518.57
RET03437,ORD069252,2025-02-11,Size/Fit Issue,8312.69
RET03438,ORD069258,2024-03-12,Size/Fit Issue,11632.48
RET03439,ORD069278,2024-03-24,Changed Mind,10714.81
RET03440,ORD069290,2026-01-08,Poor Quality,2701.27
RET03441,ORD069304,2024-10-06,Size/Fit Issue,4009.03
RET03442,ORD069319,2025-05-01,Product Not as Expected,9596.67
RET03443,ORD069325,2024-12-14,Damaged,8471.13
RET03444,ORD069367,2024-09-25,Wrong Product,8564.22
RET03445,ORD069377,2025-02-19,Poor Quality,11846.15
RET03446,ORD069383,2026-01-07,Damaged,6867.95
RET03447,ORD069384,2024-08-16,Late Delivery,3061.11
RET03448,ORD069395,2026-01-15,Damaged,820.02
RET03449,ORD069409,2024-08-11,Product Not as Expected,11072.65
RET03450,ORD069451,2025-09-03,Late Delivery,7378.76
RET03451,ORD069458,2024-08-05,Changed Mind,8052.94
RET03452,ORD069502,2025-07-18,Changed Mind,8035.77
RET03453,ORD069596,2025-09-06,Size/Fit Issue,7792.17
RET03454,ORD069617,2024-09-24,Wrong Product,7477.89
RET03455,ORD069670,2025-08-19,Size/Fit Issue,3643.16
RET03456,ORD069688,2024-09-18,Changed Mind,5900.02
RET03457,ORD069702,2024-11-12,Poor Quality,5036.09
RET03458,ORD069703,2026-01-10,Damaged,10334.03
RET03459,ORD069708,2025-06-02,Changed Mind,7253.67
RET03460,ORD069737,2024-10-07,Poor Quality,4746.73
RET03461,ORD069745,2024-03-20,Wrong Product,9141.81
RET03462,ORD069746,2024-12-08,Size/Fit Issue,1933.13
RET03463,ORD069785,2025-03-09,Size/Fit Issue,1965.5
RET03464,ORD069806,2024-04-02,Poor Quality,6850.0
RET03465,ORD069814,2024-11-30,Product Not as Expected,9764.75
RET03466,ORD069817,2024-12-05,Changed Mind,2422.24
RET03467,ORD069856,2025-11-29,Late Delivery,5177.56
RET03468,ORD069859,2025-08-23,Changed Mind,6958.31
RET03469,ORD069860,2024-02-24,Damaged,11139.43
RET03470,ORD069876,2024-05-27,Late Delivery,10884.27
RET03471,ORD070005,2025-02-11,Poor Quality,11541.25
RET03472,ORD070023,2024-06-18,Size/Fit Issue,8248.92
RET03473,ORD070042,2024-06-24,Poor Quality,3274.55
RET03474,ORD070062,2025-11-16,Damaged,650.4
RET03475,ORD070081,2025-12-20,Late Delivery,8827.94
RET03476,ORD070087,2024-07-02,Size/Fit Issue,2325.32
RET03477,ORD070090,2026-01-01,Size/Fit Issue,673.88
RET03478,ORD070101,2025-08-21,Poor Quality,1543.69
RET03479,ORD070114,2025-07-08,Size/Fit Issue,6182.93
RET03480,ORD070122,2025-10-01,Size/Fit Issue,11985.68
RET03481,ORD070129,2025-01-15,Changed Mind,3475.03
RET03482,ORD070160,2024-05-13,Product Not as Expected,1634.87
RET03483,ORD070182,2024-10-24,Product Not as Expected,8509.6
RET03484,ORD070183,2024-05-03,Product Not as Expected,5867.01
RET03485,ORD070193,2025-09-15,Damaged,6386.07
RET03486,ORD070204,2024-08-12,Changed Mind,11646.5
RET03487,ORD070219,2025-11-12,Wrong Product,11927.16
RET03488,ORD070222,2024-11-09,Wrong Product,2751.99
RET03489,ORD070246,2024-01-22,Product Not as Expected,1671.51
RET03490,ORD070299,2025-06-24,Changed Mind,8640.11
RET03491,ORD070331,2025-11-16,Late Delivery,8156.94
RET03492,ORD070333,2024-12-22,Product Not as Expected,2233.17
RET03493,ORD070344,2024-06-27,Size/Fit Issue,7673.52
RET03494,ORD070394,2024-07-16,Size/Fit Issue,8246.92
RET03495,ORD070404,2025-12-30,Size/Fit Issue,10747.97
RET03496,ORD070434,2025-03-28,Product Not as Expected,5449.01
RET03497,ORD070435,2025-08-07,Size/Fit Issue,2460.29
RET03498,ORD070454,2024-05-09,Wrong Product,7719.51
RET03499,ORD070468,2025-11-02,Late Delivery,7262.65
RET03500,ORD070471,2024-10-16,Poor Quality,4676.99
RET03501,ORD070479,2025-12-28,Poor Quality,3988.86
RET03502,ORD070487,2024-12-25,Poor Quality,9676.62
RET03503,ORD070516,2025-03-14,Wrong Product,9971.16
RET03504,ORD070529,2024-05-27,Size/Fit Issue,6222.35
RET03505,ORD070533,2025-05-18,Damaged,7999.52
RET03506,ORD070539,2024-11-30,Product Not as Expected,4939.54
RET03507,ORD070572,2025-04-26,Product Not as Expected,10988.85
RET03508,ORD070585,2024-10-05,Poor Quality,677.62
RET03509,ORD070610,2024-02-04,Product Not as Expected,8614.86
RET03510,ORD070640,2025-12-24,Product Not as Expected,7230.62
RET03511,ORD070729,2024-06-14,Damaged,6042.17
RET03512,ORD070746,2025-07-14,Wrong Product,8242.27
RET03513,ORD070772,2024-05-23,Changed Mind,9899.61
RET03514,ORD070801,2024-12-21,Product Not as Expected,8133.37
RET03515,ORD070805,2025-06-26,Changed Mind,8181.31
RET03516,ORD070823,2024-06-19,Changed Mind,5457.19
RET03517,ORD070836,2025-06-10,Size/Fit Issue,1515.82
RET03518,ORD070841,2024-04-15,Size/Fit Issue,6904.81
RET03519,ORD070866,2024-12-04,Damaged,11896.25
RET03520,ORD070923,2025-09-26,Size/Fit Issue,7415.07
RET03521,ORD070933,2024-09-23,Changed Mind,8334.86
RET03522,ORD070944,2025-08-12,Wrong Product,7308.4
RET03523,ORD070961,2024-01-30,Size/Fit Issue,5739.87
RET03524,ORD070977,2024-10-07,Damaged,4808.55
RET03525,ORD070991,2025-03-20,Size/Fit Issue,1427.84
RET03526,ORD070996,2024-08-23,Damaged,7944.92
RET03527,ORD071009,2025-03-22,Late Delivery,7272.51
RET03528,ORD071030,2026-01-01,Poor Quality,10160.74
RET03529,ORD071036,2024-07-02,Changed Mind,2716.02
RET03530,ORD071042,2025-10-31,Product Not as Expected,342.91
RET03531,ORD071050,2024-03-02,Size/Fit Issue,1988.15
RET03532,ORD071078,2024-07-19,Size/Fit Issue,7311.31
RET03533,ORD071079,2024-12-27,Poor Quality,3190.43
RET03534,ORD071125,2024-03-31,Late Delivery,5539.82
RET03535,ORD071134,2025-05-17,Late Delivery,821.87
RET03536,ORD071139,2024-07-27,Wrong Product,9902.57
RET03537,ORD071211,2024-09-16,Changed Mind,951.72
RET03538,ORD071227,2024-07-08,Late Delivery,3935.49
RET03539,ORD071252,2025-02-12,Damaged,10883.97
RET03540,ORD071253,2025-11-21,Changed Mind,5706.57
RET03541,ORD071279,2025-07-25,Wrong Product,4000.04
RET03542,ORD071281,2025-12-31,Size/Fit Issue,6964.18
RET03543,ORD071282,2025-04-18,Late Delivery,6518.34
RET03544,ORD071327,2025-10-18,Wrong Product,10928.88
RET03545,ORD071355,2024-01-27,Product Not as Expected,10751.08
RET03546,ORD071364,2024-09-14,Poor Quality,3761.1
RET03547,ORD071365,2025-02-02,Size/Fit Issue,11595.54
RET03548,ORD071370,2024-05-19,Size/Fit Issue,4324.63
RET03549,ORD071397,2024-11-21,Size/Fit Issue,11897.45
RET03550,ORD071398,2024-04-11,Wrong Product,2846.24
RET03551,ORD071457,2024-06-11,Product Not as Expected,7769.08
RET03552,ORD071475,2025-03-26,Size/Fit Issue,5888.92
RET03553,ORD071477,2025-07-26,Size/Fit Issue,2241.25
RET03554,ORD071482,2025-07-11,Damaged,1906.6
RET03555,ORD071500,2024-10-06,Poor Quality,10779.28
RET03556,ORD071542,2025-06-23,Wrong Product,3780.61
RET03557,ORD071548,2024-11-15,Wrong Product,8979.01
RET03558,ORD071549,2025-09-25,Poor Quality,1765.72
RET03559,ORD071565,2024-11-25,Size/Fit Issue,11538.37
RET03560,ORD071584,2024-03-29,Late Delivery,3211.48
RET03561,ORD071597,2025-06-21,Damaged,6160.45
RET03562,ORD071610,2025-10-08,Changed Mind,2931.5
RET03563,ORD071626,2025-02-10,Damaged,9894.22
RET03564,ORD071627,2025-03-02,Damaged,5201.39
RET03565,ORD071674,2024-09-26,Size/Fit Issue,7529.94
RET03566,ORD071678,2025-08-11,Changed Mind,6676.39
RET03567,ORD071702,2024-02-13,Changed Mind,11455.73
RET03568,ORD071712,2025-05-11,Poor Quality,3711.72
RET03569,ORD071724,2024-01-11,Poor Quality,2600.2
RET03570,ORD071737,2024-01-13,Product Not as Expected,11042.12
RET03571,ORD071744,2025-05-14,Wrong Product,9805.9
RET03572,ORD071773,2024-10-14,Damaged,1939.1
RET03573,ORD071781,2024-09-06,Size/Fit Issue,6248.3
RET03574,ORD071815,2025-06-12,Product Not as Expected,1068.39
RET03575,ORD071819,2025-08-09,Product Not as Expected,6271.44
RET03576,ORD071826,2024-11-17,Changed Mind,3516.93
RET03577,ORD071827,2024-12-22,Poor Quality,4441.16
RET03578,ORD071830,2024-10-06,Poor Quality,4801.63
RET03579,ORD071846,2024-05-30,Size/Fit Issue,10414.73
RET03580,ORD071848,2024-07-28,Damaged,5519.52
RET03581,ORD071898,2024-04-01,Poor Quality,7345.86
RET03582,ORD071908,2024-05-04,Product Not as Expected,413.73
RET03583,ORD071926,2025-01-11,Wrong Product,4084.25
RET03584,ORD071956,2024-10-02,Late Delivery,3661.22
RET03585,ORD071958,2025-11-04,Poor Quality,784.22
RET03586,ORD071963,2024-06-04,Size/Fit Issue,6774.11
RET03587,ORD071979,2026-01-07,Damaged,6584.93
RET03588,ORD071983,2025-07-09,Size/Fit Issue,3153.49
RET03589,ORD071996,2025-09-02,Product Not as Expected,2724.79
RET03590,ORD072007,2025-07-08,Late Delivery,7224.1
RET03591,ORD072034,2025-04-29,Poor Quality,7116.29
RET03592,ORD072039,2025-10-22,Product Not as Expected,384.19
RET03593,ORD072041,2024-08-18,Size/Fit Issue,10460.18
RET03594,ORD072147,2024-12-02,Wrong Product,5057.0
RET03595,ORD072152,2025-11-07,Wrong Product,9458.9
RET03596,ORD072153,2025-02-11,Late Delivery,10028.23
RET03597,ORD072219,2025-07-07,Product Not as Expected,3736.65
RET03598,ORD072220,2025-04-30,Size/Fit Issue,11986.12
RET03599,ORD072241,2024-10-21,Poor Quality,8807.83
RET03600,ORD072259,2024-08-18,Poor Quality,10251.9
RET03601,ORD072282,2025-06-04,Late Delivery,9102.18
RET03602,ORD072305,2025-12-17,Damaged,7890.09
RET03603,ORD072323,2025-05-27,Poor Quality,9234.18
RET03604,ORD072332,2025-05-27,Damaged,7220.05
RET03605,ORD072345,2025-11-01,Product Not as Expected,855.95
RET03606,ORD072357,2024-10-10,Poor Quality,10211.6
RET03607,ORD072363,2025-04-04,Late Delivery,7543.01
RET03608,ORD072375,2024-11-21,Changed Mind,8666.28
RET03609,ORD072383,2025-08-04,Damaged,6517.47
RET03610,ORD072386,2026-01-05,Product Not as Expected,3366.16
RET03611,ORD072403,2025-12-06,Wrong Product,2151.97
RET03612,ORD072413,2025-07-31,Product Not as Expected,7223.58
RET03613,ORD072420,2024-01-14,Changed Mind,1604.2
RET03614,ORD072452,2025-01-09,Late Delivery,9413.91
RET03615,ORD072457,2025-06-21,Changed Mind,11068.62
RET03616,ORD072460,2025-11-04,Poor Quality,9015.82
RET03617,ORD072461,2025-10-07,Poor Quality,9806.25
RET03618,ORD072464,2024-09-25,Poor Quality,5831.73
RET03619,ORD072473,2025-08-26,Size/Fit Issue,6076.08
RET03620,ORD072479,2025-05-25,Late Delivery,8977.11
RET03621,ORD072500,2024-05-08,Damaged,6995.77
RET03622,ORD072504,2024-07-19,Damaged,8900.07
RET03623,ORD072508,2024-01-21,Poor Quality,4733.59
RET03624,ORD072512,2024-07-10,Wrong Product,9118.72
RET03625,ORD072533,2024-09-20,Changed Mind,4096.29
RET03626,ORD072537,2025-06-25,Product Not as Expected,3582.96
RET03627,ORD072546,2025-08-01,Poor Quality,5238.12
RET03628,ORD072639,2024-12-05,Size/Fit Issue,6697.95
RET03629,ORD072704,2025-05-12,Product Not as Expected,3082.23
RET03630,ORD072730,2024-06-21,Product Not as Expected,4117.57
RET03631,ORD072754,2024-11-24,Poor Quality,4789.28
RET03632,ORD072770,2025-11-10,Size/Fit Issue,11915.52
RET03633,ORD072796,2024-04-17,Damaged,10220.93
RET03634,ORD072807,2024-05-16,Changed Mind,3186.14
RET03635,ORD072844,2025-05-21,Product Not as Expected,7903.86
RET03636,ORD072862,2024-08-28,Damaged,834.0
RET03637,ORD072878,2024-12-12,Product Not as Expected,966.3
RET03638,ORD072910,2025-12-22,Product Not as Expected,11799.89
RET03639,ORD072930,2025-02-19,Late Delivery,3182.98
RET03640,ORD072989,2025-08-09,Changed Mind,1795.65
RET03641,ORD073041,2025-11-30,Damaged,1512.2
RET03642,ORD073053,2025-12-31,Product Not as Expected,865.86
RET03643,ORD073086,2024-10-06,Damaged,6714.84
RET03644,ORD073131,2025-06-08,Damaged,4166.36
RET03645,ORD073135,2024-01-21,Changed Mind,3511.56
RET03646,ORD073140,2025-04-08,Poor Quality,9932.07
RET03647,ORD073141,2025-10-07,Size/Fit Issue,648.74
RET03648,ORD073142,2024-05-11,Changed Mind,4227.09
RET03649,ORD073178,2025-06-06,Size/Fit Issue,781.64
RET03650,ORD073210,2025-10-05,Changed Mind,7452.13
RET03651,ORD073213,2025-11-13,Damaged,1674.52
RET03652,ORD073217,2025-11-10,Damaged,3945.49
RET03653,ORD073225,2024-10-08,Poor Quality,9671.89
RET03654,ORD073248,2025-02-08,Late Delivery,5605.03
RET03655,ORD073277,2025-01-26,Wrong Product,8946.21
RET03656,ORD073283,2025-04-04,Size/Fit Issue,5825.2
RET03657,ORD073322,2024-03-01,Poor Quality,468.34
RET03658,ORD073327,2024-09-23,Size/Fit Issue,4826.24
RET03659,ORD073333,2024-12-10,Damaged,4133.52
RET03660,ORD073382,2024-03-27,Damaged,7331.6
RET03661,ORD073384,2024-02-27,Size/Fit Issue,9505.76
RET03662,ORD073415,2025-11-16,Changed Mind,10181.01
RET03663,ORD073422,2025-03-09,Product Not as Expected,7069.87
RET03664,ORD073423,2024-11-23,Product Not as Expected,3220.91
RET03665,ORD073439,2024-05-31,Product Not as Expected,9826.97
RET03666,ORD073486,2024-12-22,Changed Mind,7830.78
RET03667,ORD073516,2025-08-05,Product Not as Expected,8867.52
RET03668,ORD073566,2025-05-06,Damaged,8140.26
RET03669,ORD073584,2025-06-18,Size/Fit Issue,2551.41
RET03670,ORD073589,2025-08-03,Changed Mind,625.3
RET03671,ORD073592,2024-07-25,Damaged,8740.69
RET03672,ORD073689,2025-09-04,Size/Fit Issue,1577.17
RET03673,ORD073718,2025-09-11,Product Not as Expected,9022.78
RET03674,ORD073738,2025-03-07,Poor Quality,11813.44
RET03675,ORD073762,2025-08-23,Damaged,1016.87
RET03676,ORD073797,2025-05-08,Size/Fit Issue,9359.32
RET03677,ORD073798,2025-06-08,Size/Fit Issue,2081.39
RET03678,ORD073801,2024-04-21,Wrong Product,3167.32
RET03679,ORD073842,2024-06-14,Size/Fit Issue,2045.5
RET03680,ORD073844,2025-10-20,Changed Mind,4247.89
RET03681,ORD073883,2025-01-03,Size/Fit Issue,6428.56
RET03682,ORD073892,2024-12-23,Changed Mind,3155.06
RET03683,ORD073895,2024-05-12,Size/Fit Issue,6236.32
RET03684,ORD073951,2025-06-05,Wrong Product,4402.27
RET03685,ORD073969,2024-06-23,Size/Fit Issue,5094.15
RET03686,ORD073995,2024-11-07,Size/Fit Issue,4039.12
RET03687,ORD074006,2024-08-15,Size/Fit Issue,11398.09
RET03688,ORD074010,2025-12-30,Product Not as Expected,8755.16
RET03689,ORD074011,2025-05-18,Size/Fit Issue,9611.32
RET03690,ORD074021,2025-06-12,Damaged,3532.96
RET03691,ORD074043,2024-06-27,Size/Fit Issue,9030.92
RET03692,ORD074085,2025-07-03,Poor Quality,9658.46
RET03693,ORD074109,2025-04-15,Wrong Product,6888.55
RET03694,ORD074155,2024-08-20,Product Not as Expected,2126.3
RET03695,ORD074178,2024-03-09,Late Delivery,4705.95
RET03696,ORD074189,2024-10-07,Product Not as Expected,11396.12
RET03697,ORD074193,2024-11-17,Poor Quality,5947.21
RET03698,ORD074211,2025-05-30,Size/Fit Issue,664.83
RET03699,ORD074226,2025-05-13,Changed Mind,5444.79
RET03700,ORD074258,2025-08-26,Poor Quality,2528.37
RET03701,ORD074261,2025-11-07,Wrong Product,10523.33
RET03702,ORD074264,2025-06-19,Wrong Product,5456.99
RET03703,ORD074275,2024-05-09,Wrong Product,2244.3
RET03704,ORD074286,2024-05-03,Size/Fit Issue,851.96
RET03705,ORD074296,2025-02-05,Late Delivery,5182.37
RET03706,ORD074302,2024-02-13,Size/Fit Issue,9236.32
RET03707,ORD074310,2024-04-10,Size/Fit Issue,11794.13
RET03708,ORD074331,2024-07-03,Wrong Product,6503.65
RET03709,ORD074333,2025-09-28,Damaged,7403.72
RET03710,ORD074396,2024-11-18,Product Not as Expected,2533.02
RET03711,ORD074412,2025-09-16,Wrong Product,5688.37
RET03712,ORD074419,2025-06-30,Changed Mind,6822.53
RET03713,ORD074440,2025-07-08,Changed Mind,10696.77
RET03714,ORD074449,2024-07-12,Poor Quality,10547.94
RET03715,ORD074458,2024-12-04,Product Not as Expected,8111.5
RET03716,ORD074461,2025-03-28,Damaged,4505.86
RET03717,ORD074472,2024-03-13,Size/Fit Issue,7408.62
RET03718,ORD074487,2025-06-19,Product Not as Expected,531.09
RET03719,ORD074495,2025-05-29,Size/Fit Issue,3052.03
RET03720,ORD074518,2025-08-04,Size/Fit Issue,11403.3
RET03721,ORD074519,2025-05-04,Late Delivery,3711.06
RET03722,ORD074529,2024-12-22,Poor Quality,6418.25
RET03723,ORD074542,2025-01-21,Changed Mind,8526.41
RET03724,ORD074552,2025-05-16,Damaged,6568.92
RET03725,ORD074575,2024-10-23,Late Delivery,8880.58
RET03726,ORD074616,2024-06-06,Poor Quality,8653.52
RET03727,ORD074694,2025-09-01,Damaged,1675.61
RET03728,ORD074695,2025-10-31,Product Not as Expected,11520.92
RET03729,ORD074696,2025-11-03,Product Not as Expected,4054.78
RET03730,ORD074729,2025-10-29,Size/Fit Issue,10101.74
RET03731,ORD074733,2025-05-05,Changed Mind,11412.48
RET03732,ORD074767,2024-04-29,Poor Quality,9271.73
RET03733,ORD074772,2025-06-16,Damaged,11491.86
RET03734,ORD074817,2025-10-28,Damaged,5907.88
RET03735,ORD074826,2025-05-16,Wrong Product,8918.53
RET03736,ORD074847,2025-10-15,Late Delivery,1498.19
RET03737,ORD074861,2024-08-08,Poor Quality,3033.0
RET03738,ORD074875,2024-08-15,Product Not as Expected,2660.43
RET03739,ORD074882,2024-09-17,Wrong Product,5809.65
RET03740,ORD074885,2024-12-29,Damaged,8133.15
RET03741,ORD074892,2024-03-17,Size/Fit Issue,6263.85
RET03742,ORD074905,2024-03-21,Damaged,2283.31
RET03743,ORD074926,2025-04-05,Poor Quality,9382.15
RET03744,ORD074960,2025-06-03,Late Delivery,2124.83
RET03745,ORD074962,2025-11-22,Product Not as Expected,1525.49
RET03746,ORD074967,2025-03-19,Product Not as Expected,3575.22
RET03747,ORD075033,2026-01-12,Size/Fit Issue,7883.3
RET03748,ORD075056,2024-07-24,Product Not as Expected,1897.4
RET03749,ORD075072,2025-01-04,Product Not as Expected,478.9
RET03750,ORD075095,2025-07-23,Damaged,686.28
RET03751,ORD075099,2024-04-20,Poor Quality,3024.64
RET03752,ORD075123,2025-09-12,Poor Quality,5003.54
RET03753,ORD075155,2024-02-19,Changed Mind,3437.06
RET03754,ORD075163,2025-09-14,Wrong Product,4412.08
RET03755,ORD075165,2024-11-15,Late Delivery,1237.9
RET03756,ORD075174,2025-03-02,Wrong Product,11047.84
RET03757,ORD075188,2025-09-25,Wrong Product,9335.97
RET03758,ORD075196,2026-01-25,Wrong Product,7923.4
RET03759,ORD075207,2024-08-31,Product Not as Expected,8881.09
RET03760,ORD075209,2024-09-07,Changed Mind,10100.87
RET03761,ORD075347,2024-10-16,Changed Mind,7867.53
RET03762,ORD075360,2024-12-13,Damaged,4155.11
RET03763,ORD075393,2024-06-15,Wrong Product,4121.66
RET03764,ORD075403,2025-12-10,Late Delivery,1294.02
RET03765,ORD075406,2024-03-31,Changed Mind,7334.14
RET03766,ORD075439,2025-09-19,Poor Quality,8391.36
RET03767,ORD075475,2025-06-04,Damaged,7551.05
RET03768,ORD075482,2024-10-20,Late Delivery,4190.91
RET03769,ORD075499,2025-10-09,Size/Fit Issue,8483.01
RET03770,ORD075502,2024-11-12,Poor Quality,8096.31
RET03771,ORD075548,2025-07-11,Poor Quality,6750.33
RET03772,ORD075577,2025-06-20,Poor Quality,9081.56
RET03773,ORD075578,2024-07-05,Poor Quality,4999.08
RET03774,ORD075582,2025-04-23,Size/Fit Issue,9551.32
RET03775,ORD075590,2024-10-04,Product Not as Expected,10979.72
RET03776,ORD075611,2025-11-24,Product Not as Expected,9495.69
RET03777,ORD075671,2025-03-06,Wrong Product,5742.88
RET03778,ORD075675,2024-03-25,Wrong Product,10877.2
RET03779,ORD075678,2024-01-30,Poor Quality,8178.19
RET03780,ORD075705,2024-07-12,Damaged,11497.68
RET03781,ORD075714,2025-04-19,Damaged,8676.71
RET03782,ORD075726,2024-07-06,Product Not as Expected,7232.65
RET03783,ORD075730,2025-08-27,Poor Quality,11203.7
RET03784,ORD075789,2025-11-02,Product Not as Expected,2173.44
RET03785,ORD075794,2024-05-01,Size/Fit Issue,6942.38
RET03786,ORD075803,2025-05-19,Poor Quality,7369.4
RET03787,ORD075807,2025-05-06,Damaged,10998.83
RET03788,ORD075817,2025-01-17,Size/Fit Issue,5822.65
RET03789,ORD075885,2025-05-27,Changed Mind,7811.43
RET03790,ORD075893,2024-03-06,Poor Quality,10236.28
RET03791,ORD075972,2024-02-04,Damaged,11798.35
RET03792,ORD075981,2025-04-14,Poor Quality,7891.61
RET03793,ORD076006,2024-05-20,Product Not as Expected,10625.01
RET03794,ORD076066,2024-04-23,Poor Quality,318.26
RET03795,ORD076079,2024-07-31,Product Not as Expected,7527.0
RET03796,ORD076091,2025-04-29,Changed Mind,6542.15
RET03797,ORD076104,2024-05-26,Damaged,9830.72
RET03798,ORD076105,2024-05-12,Wrong Product,11205.67
RET03799,ORD076136,2024-02-14,Wrong Product,10208.19
RET03800,ORD076139,2025-05-12,Size/Fit Issue,8250.2
RET03801,ORD076165,2024-06-29,Poor Quality,8758.55
RET03802,ORD076173,2024-10-26,Wrong Product,9983.86
RET03803,ORD076174,2025-01-19,Wrong Product,8833.48
RET03804,ORD076224,2025-07-14,Size/Fit Issue,10968.36
RET03805,ORD076249,2024-02-09,Size/Fit Issue,7393.98
RET03806,ORD076278,2024-08-01,Size/Fit Issue,10434.66
RET03807,ORD076292,2024-02-27,Product Not as Expected,360.27
RET03808,ORD076305,2025-04-21,Poor Quality,9884.86
RET03809,ORD076318,2024-10-13,Damaged,7199.44
RET03810,ORD076345,2025-05-02,Wrong Product,11983.72
RET03811,ORD076373,2025-10-11,Poor Quality,2921.37
RET03812,ORD076385,2024-05-12,Size/Fit Issue,2642.44
RET03813,ORD076408,2024-06-09,Poor Quality,10106.5
RET03814,ORD076466,2026-01-16,Product Not as Expected,9043.26
RET03815,ORD076489,2025-02-18,Size/Fit Issue,8908.38
RET03816,ORD076558,2025-05-28,Size/Fit Issue,9357.79
RET03817,ORD076587,2024-07-07,Wrong Product,9703.54
RET03818,ORD076689,2025-08-09,Size/Fit Issue,11878.46
RET03819,ORD076722,2024-12-17,Product Not as Expected,10346.51
RET03820,ORD076781,2024-12-29,Late Delivery,3357.78
RET03821,ORD076790,2024-12-03,Damaged,11974.61
RET03822,ORD076799,2025-09-15,Damaged,2570.04
RET03823,ORD076817,2024-03-03,Product Not as Expected,422.41
RET03824,ORD076826,2024-03-28,Wrong Product,7824.72
RET03825,ORD076831,2024-06-03,Poor Quality,4858.54
RET03826,ORD076867,2025-05-26,Late Delivery,2129.02
RET03827,ORD076897,2025-01-22,Damaged,1587.28
RET03828,ORD076900,2025-06-12,Size/Fit Issue,1724.13
RET03829,ORD076926,2025-02-06,Product Not as Expected,8344.46
RET03830,ORD076945,2025-10-16,Poor Quality,9758.03
RET03831,ORD076973,2025-05-28,Size/Fit Issue,2116.75
RET03832,ORD076978,2024-02-13,Product Not as Expected,2200.65
RET03833,ORD076991,2024-06-15,Size/Fit Issue,7696.85
RET03834,ORD077043,2024-04-11,Product Not as Expected,11170.58
RET03835,ORD077058,2026-01-14,Wrong Product,2271.24
RET03836,ORD077073,2024-09-01,Damaged,9261.56
RET03837,ORD077087,2025-02-09,Poor Quality,10306.24
RET03838,ORD077095,2024-02-12,Poor Quality,8747.21
RET03839,ORD077133,2024-01-13,Changed Mind,5979.05
RET03840,ORD077136,2025-09-03,Product Not as Expected,11928.67
RET03841,ORD077150,2024-10-17,Changed Mind,1818.49
RET03842,ORD077180,2025-12-05,Wrong Product,1159.65
RET03843,ORD077182,2025-07-20,Product Not as Expected,7157.36
RET03844,ORD077199,2024-07-12,Damaged,869.65
RET03845,ORD077204,2025-01-24,Changed Mind,9217.79
RET03846,ORD077272,2024-11-23,Size/Fit Issue,10577.99
RET03847,ORD077278,2024-04-28,Late Delivery,4119.53
RET03848,ORD077285,2025-02-23,Damaged,8614.59
RET03849,ORD077290,2024-12-26,Damaged,929.58
RET03850,ORD077299,2024-08-21,Damaged,11280.94
RET03851,ORD077316,2025-01-09,Product Not as Expected,475.77
RET03852,ORD077338,2025-01-02,Changed Mind,3796.46
RET03853,ORD077342,2025-03-19,Product Not as Expected,1190.32
RET03854,ORD077359,2025-08-13,Size/Fit Issue,7440.31
RET03855,ORD077369,2024-11-14,Poor Quality,7148.92
RET03856,ORD077401,2024-08-06,Late Delivery,9884.62
RET03857,ORD077447,2025-09-20,Late Delivery,757.74
RET03858,ORD077466,2024-08-21,Damaged,11901.31
RET03859,ORD077470,2025-02-09,Changed Mind,4419.4
RET03860,ORD077509,2025-05-27,Damaged,2255.87
RET03861,ORD077512,2025-07-25,Wrong Product,3369.85
RET03862,ORD077518,2024-10-29,Size/Fit Issue,7618.43
RET03863,ORD077523,2025-10-05,Late Delivery,1408.31
RET03864,ORD077525,2025-12-25,Damaged,5441.46
RET03865,ORD077552,2024-02-24,Damaged,1338.56
RET03866,ORD077572,2024-10-11,Size/Fit Issue,10778.21
RET03867,ORD077598,2024-03-14,Size/Fit Issue,7806.76
RET03868,ORD077610,2024-09-20,Size/Fit Issue,8516.03
RET03869,ORD077612,2025-12-21,Changed Mind,2124.98
RET03870,ORD077618,2024-05-29,Product Not as Expected,9163.06
RET03871,ORD077636,2024-04-08,Size/Fit Issue,2416.69
RET03872,ORD077637,2025-01-16,Changed Mind,7769.58
RET03873,ORD077644,2024-01-23,Size/Fit Issue,6994.61
RET03874,ORD077668,2024-07-05,Poor Quality,1156.93
RET03875,ORD077678,2025-06-17,Wrong Product,11149.49
RET03876,ORD077690,2025-11-21,Poor Quality,4806.79
RET03877,ORD077730,2024-12-04,Product Not as Expected,4356.72
RET03878,ORD077733,2024-01-29,Poor Quality,7425.92
RET03879,ORD077747,2025-05-28,Size/Fit Issue,10332.66
RET03880,ORD077788,2024-09-03,Size/Fit Issue,9425.69
RET03881,ORD077808,2024-06-04,Product Not as Expected,9443.43
RET03882,ORD077818,2024-04-21,Damaged,2416.55
RET03883,ORD077822,2025-01-25,Changed Mind,6642.44
RET03884,ORD077826,2026-01-25,Late Delivery,3778.85
RET03885,ORD077870,2024-04-02,Late Delivery,3788.0
RET03886,ORD077873,2024-02-27,Size/Fit Issue,9143.9
RET03887,ORD077915,2024-10-15,Size/Fit Issue,7886.69
RET03888,ORD077917,2025-09-03,Damaged,8452.43
RET03889,ORD077921,2025-06-15,Damaged,7966.55
RET03890,ORD077924,2024-04-21,Product Not as Expected,5363.48
RET03891,ORD077928,2024-09-21,Wrong Product,6376.11
RET03892,ORD077948,2024-04-13,Size/Fit Issue,2194.59
RET03893,ORD077957,2025-04-26,Size/Fit Issue,7347.64
RET03894,ORD077971,2024-05-22,Size/Fit Issue,5430.63
RET03895,ORD077974,2025-09-10,Damaged,328.53
RET03896,ORD078023,2024-12-11,Wrong Product,9383.5
RET03897,ORD078024,2025-03-22,Size/Fit Issue,7420.15
RET03898,ORD078034,2024-11-16,Changed Mind,11590.44
RET03899,ORD078067,2025-12-05,Wrong Product,6287.9
RET03900,ORD078119,2025-09-09,Late Delivery,8448.02
RET03901,ORD078126,2025-12-05,Product Not as Expected,11486.0
RET03902,ORD078164,2025-02-03,Size/Fit Issue,11384.72
RET03903,ORD078170,2026-01-22,Product Not as Expected,6296.91
RET03904,ORD078186,2025-10-27,Damaged,6109.28
RET03905,ORD078192,2024-09-15,Damaged,4509.61
RET03906,ORD078216,2025-06-14,Size/Fit Issue,785.49
RET03907,ORD078233,2024-07-07,Product Not as Expected,716.55
RET03908,ORD078292,2025-09-16,Size/Fit Issue,10799.26
RET03909,ORD078329,2025-09-01,Product Not as Expected,376.92
RET03910,ORD078331,2024-10-01,Damaged,3937.26
RET03911,ORD078340,2025-06-14,Changed Mind,751.89
RET03912,ORD078350,2024-05-05,Changed Mind,2320.03
RET03913,ORD078415,2024-04-08,Product Not as Expected,8399.46
RET03914,ORD078468,2024-06-25,Size/Fit Issue,1748.19
RET03915,ORD078477,2024-02-08,Product Not as Expected,7346.0
RET03916,ORD078479,2024-12-07,Changed Mind,1534.92
RET03917,ORD078535,2024-06-23,Changed Mind,5973.31
RET03918,ORD078556,2024-12-10,Wrong Product,9674.93
RET03919,ORD078562,2024-12-27,Size/Fit Issue,9499.71
RET03920,ORD078571,2024-08-08,Size/Fit Issue,7516.24
RET03921,ORD078703,2024-02-16,Size/Fit Issue,10542.56
RET03922,ORD078710,2025-02-06,Poor Quality,7366.99
RET03923,ORD078772,2024-09-28,Product Not as Expected,11843.19
RET03924,ORD078774,2024-04-05,Damaged,6488.45
RET03925,ORD078787,2025-09-14,Poor Quality,6106.22
RET03926,ORD078827,2024-04-08,Size/Fit Issue,10085.9
RET03927,ORD078836,2024-03-20,Size/Fit Issue,1664.17
RET03928,ORD078840,2024-05-22,Changed Mind,3031.13
RET03929,ORD078843,2024-09-05,Changed Mind,6922.54
RET03930,ORD078849,2025-10-02,Changed Mind,3094.86
RET03931,ORD078883,2024-02-04,Changed Mind,10324.75
RET03932,ORD078886,2024-06-21,Late Delivery,1812.55
RET03933,ORD078895,2024-08-26,Changed Mind,7742.57
RET03934,ORD078966,2024-04-23,Damaged,2889.85
RET03935,ORD078980,2025-01-15,Product Not as Expected,9880.01
RET03936,ORD079025,2025-07-14,Poor Quality,9811.16
RET03937,ORD079028,2025-08-19,Changed Mind,3414.98
RET03938,ORD079048,2025-03-23,Changed Mind,7885.18
RET03939,ORD079067,2024-02-06,Changed Mind,9517.98
RET03940,ORD079107,2025-05-24,Late Delivery,6723.79
RET03941,ORD079109,2024-04-07,Poor Quality,4081.12
RET03942,ORD079132,2025-05-06,Damaged,5705.85
RET03943,ORD079140,2025-12-15,Changed Mind,1154.28
RET03944,ORD079147,2025-05-24,Damaged,3917.91
RET03945,ORD079207,2025-06-08,Poor Quality,4034.77
RET03946,ORD079209,2025-04-19,Damaged,8215.62
RET03947,ORD079216,2025-02-06,Size/Fit Issue,8505.72
RET03948,ORD079226,2025-06-06,Late Delivery,5450.18
RET03949,ORD079228,2025-12-11,Damaged,3960.96
RET03950,ORD079229,2024-06-04,Damaged,4836.35
RET03951,ORD079242,2025-10-24,Wrong Product,7558.64
RET03952,ORD079251,2025-06-13,Size/Fit Issue,1347.91
RET03953,ORD079261,2025-02-13,Size/Fit Issue,7162.39
RET03954,ORD079303,2025-11-23,Size/Fit Issue,8893.27
RET03955,ORD079305,2024-08-21,Poor Quality,5901.53
RET03956,ORD079308,2024-01-16,Damaged,6232.22
RET03957,ORD079324,2025-08-24,Size/Fit Issue,6774.02
RET03958,ORD079340,2025-04-14,Poor Quality,9870.55
RET03959,ORD079351,2025-12-28,Poor Quality,9102.44
RET03960,ORD079370,2026-01-01,Changed Mind,1384.53
RET03961,ORD079426,2024-07-04,Size/Fit Issue,3999.0
RET03962,ORD079429,2025-02-18,Damaged,11993.9
RET03963,ORD079478,2025-07-29,Changed Mind,4288.75
RET03964,ORD079491,2024-09-23,Damaged,7234.56
RET03965,ORD079502,2025-09-09,Late Delivery,4030.25
RET03966,ORD079534,2025-12-02,Poor Quality,1651.33
RET03967,ORD079612,2025-05-10,Product Not as Expected,9552.3
RET03968,ORD079615,2024-04-29,Poor Quality,2099.35
RET03969,ORD079636,2024-09-20,Damaged,11584.5
RET03970,ORD079638,2025-05-04,Wrong Product,5363.86
RET03971,ORD079643,2024-03-26,Poor Quality,5581.69
RET03972,ORD079708,2025-06-26,Late Delivery,11160.35
RET03973,ORD079727,2025-03-15,Product Not as Expected,10024.45
RET03974,ORD079760,2026-01-02,Product Not as Expected,5488.07
RET03975,ORD079761,2024-12-08,Changed Mind,7874.7
RET03976,ORD079792,2025-10-25,Product Not as Expected,4078.88
RET03977,ORD079799,2025-05-07,Wrong Product,11994.06
RET03978,ORD079807,2025-05-09,Product Not as Expected,7275.68
RET03979,ORD079811,2025-03-13,Poor Quality,1036.85
RET03980,ORD079845,2025-11-15,Poor Quality,6676.34
RET03981,ORD079852,2024-03-06,Changed Mind,8590.78
RET03982,ORD079864,2025-03-26,Late Delivery,3148.69
RET03983,ORD079866,2024-02-01,Size/Fit Issue,1614.0
RET03984,ORD079868,2025-05-28,Late Delivery,2058.74
RET03985,ORD079903,2025-04-14,Wrong Product,11611.98
RET03986,ORD079911,2025-11-13,Damaged,5322.22
RET03987,ORD079917,2024-07-06,Poor Quality,11624.93
RET03988,ORD079929,2025-10-06,Damaged,6189.73
RET03989,ORD079979,2025-05-17,Product Not as Expected,901.83
RET03990,ORD080005,2024-09-30,Damaged,8722.98
RET03991,ORD080013,2025-12-15,Damaged,3836.25
RET03992,ORD080017,2025-10-11,Product Not as Expected,11581.91
RET03993,ORD080042,2025-08-24,Damaged,3332.67
RET03994,ORD080054,2024-06-16,Changed Mind,1219.44
RET03995,ORD080061,2025-05-02,Changed Mind,6490.91
RET03996,ORD080114,2025-01-10,Size/Fit Issue,5240.03
RET03997,ORD080123,2024-05-26,Poor Quality,4895.19
RET03998,ORD080157,2025-04-18,Damaged,8528.93
RET03999,ORD080202,2024-12-19,Wrong Product,1517.77
RET04000,ORD080206,2024-12-05,Wrong Product,5710.5
RET04001,ORD080211,2024-07-15,Size/Fit Issue,6230.74
RET04002,ORD080237,2026-01-22,Product Not as Expected,3297.6
RET04003,ORD080260,2024-06-05,Size/Fit Issue,1138.78
RET04004,ORD080284,2025-08-24,Size/Fit Issue,9339.88
RET04005,ORD080290,2025-03-02,Damaged,10588.1
RET04006,ORD080344,2025-07-16,Poor Quality,7830.16
RET04007,ORD080374,2024-11-04,Product Not as Expected,6885.54
RET04008,ORD080386,2024-05-02,Poor Quality,2977.51
RET04009,ORD080419,2024-09-20,Changed Mind,3487.92
RET04010,ORD080426,2025-03-01,Size/Fit Issue,4058.43
RET04011,ORD080457,2024-09-11,Product Not as Expected,11408.87
RET04012,ORD080488,2025-06-26,Late Delivery,1970.59
RET04013,ORD080489,2024-07-05,Product Not as Expected,1676.49
RET04014,ORD080492,2025-05-01,Damaged,8610.91
RET04015,ORD080538,2025-10-17,Product Not as Expected,6256.3
RET04016,ORD080564,2025-09-22,Wrong Product,5501.27
RET04017,ORD080566,2026-01-19,Changed Mind,6667.3
RET04018,ORD080575,2025-04-17,Damaged,7113.02
RET04019,ORD080585,2025-07-18,Wrong Product,769.96
RET04020,ORD080592,2025-05-08,Changed Mind,5173.39
RET04021,ORD080617,2024-11-22,Poor Quality,2212.3
RET04022,ORD080637,2024-02-10,Late Delivery,3851.06
RET04023,ORD080646,2025-01-08,Poor Quality,1809.63
RET04024,ORD080669,2025-12-19,Late Delivery,3404.58
RET04025,ORD080702,2024-08-20,Late Delivery,1878.27
RET04026,ORD080740,2025-01-03,Poor Quality,6899.12
RET04027,ORD080770,2024-12-24,Poor Quality,3427.95
RET04028,ORD080800,2025-04-21,Changed Mind,672.83
RET04029,ORD080844,2025-02-04,Product Not as Expected,11436.48
RET04030,ORD080867,2025-02-17,Product Not as Expected,9596.05
RET04031,ORD080987,2024-11-06,Wrong Product,4146.3
RET04032,ORD080997,2024-10-24,Changed Mind,911.24
RET04033,ORD081042,2024-02-06,Size/Fit Issue,1296.49
RET04034,ORD081047,2024-02-25,Product Not as Expected,10421.76
RET04035,ORD081053,2024-08-18,Late Delivery,468.99
RET04036,ORD081095,2025-12-27,Changed Mind,2010.17
RET04037,ORD081121,2024-03-18,Size/Fit Issue,10373.01
RET04038,ORD081127,2024-09-03,Product Not as Expected,9710.89
RET04039,ORD081138,2024-11-25,Product Not as Expected,9917.39
RET04040,ORD081241,2024-05-29,Poor Quality,4443.45
RET04041,ORD081303,2025-11-11,Size/Fit Issue,10683.49
RET04042,ORD081355,2025-12-09,Product Not as Expected,4388.59
RET04043,ORD081361,2025-07-10,Product Not as Expected,6539.96
RET04044,ORD081397,2025-11-24,Late Delivery,2143.82
RET04045,ORD081448,2026-01-11,Size/Fit Issue,452.61
RET04046,ORD081470,2024-06-12,Poor Quality,11078.64
RET04047,ORD081479,2024-07-31,Late Delivery,3560.59
RET04048,ORD081481,2024-05-15,Size/Fit Issue,2925.48
RET04049,ORD081489,2025-01-03,Product Not as Expected,1956.09
RET04050,ORD081494,2025-07-24,Product Not as Expected,5586.76
RET04051,ORD081495,2024-12-29,Changed Mind,5679.6
RET04052,ORD081523,2024-03-25,Poor Quality,2967.46
RET04053,ORD081534,2024-08-06,Changed Mind,9624.49
RET04054,ORD081541,2025-08-01,Wrong Product,9920.35
RET04055,ORD081556,2025-05-15,Wrong Product,2703.45
RET04056,ORD081577,2024-06-30,Late Delivery,2677.43
RET04057,ORD081616,2025-09-24,Product Not as Expected,3309.39
RET04058,ORD081619,2025-12-05,Changed Mind,6398.77
RET04059,ORD081626,2024-09-24,Product Not as Expected,3070.1
RET04060,ORD081627,2025-01-16,Wrong Product,1065.29
RET04061,ORD081709,2024-11-15,Size/Fit Issue,10044.25
RET04062,ORD081723,2025-03-24,Poor Quality,7743.7
RET04063,ORD081735,2024-03-30,Poor Quality,3896.87
RET04064,ORD081754,2025-11-04,Damaged,761.19
RET04065,ORD081758,2025-02-22,Product Not as Expected,3082.97
RET04066,ORD081767,2025-09-15,Size/Fit Issue,11844.59
RET04067,ORD081786,2025-05-13,Damaged,6306.25
RET04068,ORD081788,2024-05-31,Damaged,8437.52
RET04069,ORD081811,2025-05-16,Changed Mind,7924.39
RET04070,ORD081831,2025-11-06,Poor Quality,4103.22
RET04071,ORD081835,2024-07-03,Product Not as Expected,5612.37
RET04072,ORD081888,2024-02-08,Size/Fit Issue,11129.93
RET04073,ORD081959,2024-03-23,Poor Quality,4216.22
RET04074,ORD082005,2025-01-09,Damaged,7005.33
RET04075,ORD082017,2024-08-09,Damaged,2891.91
RET04076,ORD082064,2025-10-29,Damaged,9951.52
RET04077,ORD082081,2024-02-19,Poor Quality,5373.76
RET04078,ORD082091,2024-05-13,Poor Quality,7691.55
RET04079,ORD082099,2026-01-04,Product Not as Expected,3142.28
RET04080,ORD082140,2024-08-30,Damaged,8290.13
RET04081,ORD082145,2025-05-23,Wrong Product,10784.33
RET04082,ORD082157,2025-09-18,Damaged,865.21
RET04083,ORD082202,2025-04-11,Late Delivery,9819.63
RET04084,ORD082214,2024-11-26,Poor Quality,2724.9
RET04085,ORD082235,2025-10-16,Poor Quality,5567.03
RET04086,ORD082277,2025-12-15,Damaged,9213.79
RET04087,ORD082295,2024-04-25,Changed Mind,3386.67
RET04088,ORD082357,2025-07-01,Wrong Product,10239.05
RET04089,ORD082405,2026-01-01,Size/Fit Issue,4610.1
RET04090,ORD082408,2025-04-11,Size/Fit Issue,10010.15
RET04091,ORD082430,2024-11-26,Size/Fit Issue,8633.6
RET04092,ORD082481,2024-08-28,Poor Quality,9804.17
RET04093,ORD082485,2025-07-31,Poor Quality,1560.96
RET04094,ORD082496,2024-07-30,Product Not as Expected,9730.04
RET04095,ORD082542,2024-11-04,Product Not as Expected,7181.64
RET04096,ORD082552,2025-08-02,Changed Mind,7626.61
RET04097,ORD082554,2025-10-22,Damaged,8672.54
RET04098,ORD082572,2024-08-08,Damaged,10532.65
RET04099,ORD082606,2025-05-26,Wrong Product,10454.36
RET04100,ORD082635,2025-02-02,Poor Quality,4388.84
RET04101,ORD082648,2024-03-13,Poor Quality,7288.24
RET04102,ORD082658,2024-07-06,Poor Quality,5191.29
RET04103,ORD082677,2024-07-08,Product Not as Expected,11339.26
RET04104,ORD082706,2024-06-27,Damaged,3450.7
RET04105,ORD082720,2024-07-14,Damaged,11233.46
RET04106,ORD082735,2024-08-28,Changed Mind,4220.06
RET04107,ORD082740,2025-06-25,Poor Quality,3405.91
RET04108,ORD082748,2025-04-26,Product Not as Expected,895.91
RET04109,ORD082777,2024-01-18,Size/Fit Issue,3758.57
RET04110,ORD082806,2024-09-22,Changed Mind,4732.14
RET04111,ORD082809,2024-06-16,Size/Fit Issue,3692.1
RET04112,ORD082904,2024-05-27,Changed Mind,7660.72
RET04113,ORD082944,2024-04-29,Late Delivery,1568.39
RET04114,ORD082952,2024-06-27,Size/Fit Issue,8775.29
RET04115,ORD082967,2025-04-27,Size/Fit Issue,9776.95
RET04116,ORD082984,2025-11-20,Late Delivery,6689.29
RET04117,ORD083019,2024-11-29,Product Not as Expected,8210.83
RET04118,ORD083050,2024-08-11,Late Delivery,7649.8
RET04119,ORD083072,2025-04-17,Damaged,2570.77
RET04120,ORD083086,2024-09-28,Late Delivery,6558.98
RET04121,ORD083151,2025-03-28,Damaged,3528.28
RET04122,ORD083157,2024-06-01,Late Delivery,4213.42
RET04123,ORD083182,2026-01-24,Damaged,9762.25
RET04124,ORD083199,2024-08-17,Wrong Product,9554.89
RET04125,ORD083204,2025-04-28,Product Not as Expected,5321.58
RET04126,ORD083235,2024-02-14,Size/Fit Issue,4016.97
RET04127,ORD083266,2025-12-15,Wrong Product,4178.44
RET04128,ORD083323,2024-08-11,Poor Quality,5905.54
RET04129,ORD083350,2024-10-28,Product Not as Expected,10048.98
RET04130,ORD083359,2024-02-21,Late Delivery,2089.31
RET04131,ORD083371,2024-10-25,Size/Fit Issue,1293.95
RET04132,ORD083380,2024-10-23,Poor Quality,1888.73
RET04133,ORD083381,2025-01-08,Wrong Product,4284.19
RET04134,ORD083395,2024-02-20,Product Not as Expected,1940.17
RET04135,ORD083432,2025-09-03,Damaged,10873.35
RET04136,ORD083441,2024-12-19,Changed Mind,8269.38
RET04137,ORD083447,2025-11-17,Late Delivery,9187.07
RET04138,ORD083470,2024-08-01,Size/Fit Issue,10349.27
RET04139,ORD083471,2024-11-27,Wrong Product,385.38
RET04140,ORD083477,2024-06-22,Product Not as Expected,3221.79
RET04141,ORD083479,2025-02-04,Damaged,1854.7
RET04142,ORD083485,2025-04-11,Poor Quality,2261.63
RET04143,ORD083495,2024-05-30,Changed Mind,7089.14
RET04144,ORD083501,2024-05-15,Changed Mind,7845.14
RET04145,ORD083524,2024-11-07,Product Not as Expected,5393.36
RET04146,ORD083527,2024-01-14,Product Not as Expected,4286.01
RET04147,ORD083533,2025-10-19,Size/Fit Issue,6413.67
RET04148,ORD083540,2025-12-26,Product Not as Expected,11635.82
RET04149,ORD083547,2025-04-06,Poor Quality,7040.29
RET04150,ORD083588,2024-03-09,Size/Fit Issue,2999.43
RET04151,ORD083593,2024-08-10,Late Delivery,7176.38
RET04152,ORD083595,2024-06-03,Size/Fit Issue,3748.18
RET04153,ORD083616,2025-01-09,Poor Quality,9654.26
RET04154,ORD083617,2024-10-23,Poor Quality,6213.08
RET04155,ORD083634,2025-12-17,Damaged,3308.19
RET04156,ORD083641,2024-05-20,Damaged,5249.9
RET04157,ORD083670,2024-02-09,Size/Fit Issue,950.14
RET04158,ORD083691,2024-07-27,Poor Quality,2528.52
RET04159,ORD083738,2024-10-03,Late Delivery,4267.03
RET04160,ORD083753,2024-04-18,Size/Fit Issue,6560.92
RET04161,ORD083772,2025-05-29,Wrong Product,8387.52
RET04162,ORD083821,2024-05-10,Product Not as Expected,9633.02
RET04163,ORD083863,2024-09-29,Poor Quality,8586.83
RET04164,ORD083886,2024-06-24,Damaged,4650.91
RET04165,ORD083888,2025-11-13,Size/Fit Issue,4254.61
RET04166,ORD083902,2024-09-18,Size/Fit Issue,3893.75
RET04167,ORD083917,2025-03-16,Changed Mind,1502.34
RET04168,ORD083922,2024-01-19,Damaged,6431.99
RET04169,ORD083926,2024-07-01,Damaged,7495.31
RET04170,ORD083950,2025-11-14,Changed Mind,2895.78
RET04171,ORD083972,2025-12-26,Poor Quality,8514.85
RET04172,ORD084002,2024-12-08,Size/Fit Issue,5004.62
RET04173,ORD084006,2024-04-24,Changed Mind,3716.81
RET04174,ORD084007,2024-02-03,Product Not as Expected,9609.17
RET04175,ORD084069,2025-11-13,Wrong Product,11474.9
RET04176,ORD084073,2024-01-11,Damaged,7302.91
RET04177,ORD084079,2025-03-18,Product Not as Expected,6589.08
RET04178,ORD084082,2024-11-17,Changed Mind,1940.77
RET04179,ORD084095,2024-10-23,Wrong Product,6050.56
RET04180,ORD084144,2024-12-19,Damaged,9812.16
RET04181,ORD084167,2025-06-27,Poor Quality,4682.12
RET04182,ORD084169,2024-09-17,Changed Mind,10063.31
RET04183,ORD084194,2025-08-31,Wrong Product,9736.02
RET04184,ORD084201,2024-04-03,Product Not as Expected,4412.0
RET04185,ORD084202,2025-07-16,Size/Fit Issue,9759.46
RET04186,ORD084225,2025-07-22,Wrong Product,7698.95
RET04187,ORD084231,2025-12-14,Changed Mind,2732.36
RET04188,ORD084235,2025-02-23,Damaged,8655.74
RET04189,ORD084270,2024-06-12,Poor Quality,9226.69
RET04190,ORD084286,2025-12-30,Damaged,9734.9
RET04191,ORD084293,2024-06-18,Wrong Product,2418.65
RET04192,ORD084325,2025-09-04,Size/Fit Issue,3077.03
RET04193,ORD084344,2026-01-19,Product Not as Expected,8392.24
RET04194,ORD084368,2025-08-22,Product Not as Expected,1278.43
RET04195,ORD084374,2024-01-20,Late Delivery,3604.96
RET04196,ORD084390,2025-07-28,Damaged,3608.24
RET04197,ORD084391,2024-08-21,Poor Quality,2710.21
RET04198,ORD084415,2025-03-04,Product Not as Expected,986.18
RET04199,ORD084437,2025-10-09,Damaged,9730.21
RET04200,ORD084444,2024-03-19,Size/Fit Issue,8299.74
RET04201,ORD084454,2024-12-02,Product Not as Expected,4827.23
RET04202,ORD084468,2024-06-13,Size/Fit Issue,5964.05
RET04203,ORD084522,2024-07-27,Late Delivery,7287.59
RET04204,ORD084594,2024-12-22,Wrong Product,7727.94
RET04205,ORD084611,2024-11-03,Poor Quality,4008.83
RET04206,ORD084672,2024-09-08,Product Not as Expected,11832.38
RET04207,ORD084680,2025-02-26,Poor Quality,5165.41
RET04208,ORD084684,2024-06-24,Poor Quality,10469.86
RET04209,ORD084685,2025-04-02,Wrong Product,4826.72
RET04210,ORD084704,2024-08-04,Changed Mind,3779.64
RET04211,ORD084723,2025-12-17,Product Not as Expected,9359.98
RET04212,ORD084740,2024-05-21,Size/Fit Issue,1399.98
RET04213,ORD084741,2025-08-03,Size/Fit Issue,9067.63
RET04214,ORD084770,2025-11-19,Late Delivery,6487.1
RET04215,ORD084780,2025-06-18,Wrong Product,5143.95
RET04216,ORD084786,2024-04-12,Late Delivery,9722.25
RET04217,ORD084795,2024-11-18,Damaged,5407.68
RET04218,ORD084800,2025-10-27,Damaged,1226.35
RET04219,ORD084828,2025-01-21,Product Not as Expected,6823.91
RET04220,ORD084835,2025-12-10,Late Delivery,7402.87
RET04221,ORD084882,2024-05-20,Damaged,8746.93
RET04222,ORD084883,2024-12-24,Damaged,5035.05
RET04223,ORD084916,2024-07-07,Changed Mind,7979.69
RET04224,ORD084935,2025-12-22,Size/Fit Issue,1230.04
RET04225,ORD084943,2024-10-27,Changed Mind,1488.98
RET04226,ORD084964,2025-08-12,Size/Fit Issue,3795.21
RET04227,ORD084979,2025-09-24,Product Not as Expected,646.58
RET04228,ORD084980,2026-01-16,Size/Fit Issue,627.42
RET04229,ORD084994,2024-09-23,Changed Mind,3783.66
RET04230,ORD085013,2024-06-02,Poor Quality,3610.19
RET04231,ORD085019,2025-01-07,Size/Fit Issue,664.96
RET04232,ORD085038,2024-01-27,Changed Mind,7775.03
RET04233,ORD085049,2024-08-24,Size/Fit Issue,1452.46
RET04234,ORD085079,2026-01-03,Size/Fit Issue,3553.66
RET04235,ORD085109,2025-12-31,Size/Fit Issue,10638.41
RET04236,ORD085150,2025-07-03,Late Delivery,11667.97
RET04237,ORD085152,2026-01-18,Product Not as Expected,5081.08
RET04238,ORD085202,2025-05-05,Product Not as Expected,10846.48
RET04239,ORD085205,2025-04-23,Poor Quality,3244.28
RET04240,ORD085222,2024-01-18,Product Not as Expected,3980.0
RET04241,ORD085272,2025-09-08,Damaged,4273.97
RET04242,ORD085279,2024-06-25,Poor Quality,10076.17
RET04243,ORD085323,2024-02-28,Poor Quality,5934.09
RET04244,ORD085361,2025-08-02,Damaged,11698.04
RET04245,ORD085368,2024-06-26,Late Delivery,6623.48
RET04246,ORD085418,2024-06-15,Poor Quality,3715.45
RET04247,ORD085423,2025-05-05,Damaged,2076.19
RET04248,ORD085442,2025-03-16,Size/Fit Issue,4527.63
RET04249,ORD085443,2024-07-28,Poor Quality,3921.9
RET04250,ORD085445,2024-06-19,Product Not as Expected,4333.61
RET04251,ORD085450,2024-03-21,Size/Fit Issue,11372.17
RET04252,ORD085487,2024-08-31,Product Not as Expected,9841.44
RET04253,ORD085521,2025-01-10,Poor Quality,11300.8
RET04254,ORD085537,2024-12-01,Damaged,7160.8
RET04255,ORD085548,2025-01-12,Size/Fit Issue,2978.8
RET04256,ORD085562,2024-12-25,Poor Quality,1465.9
RET04257,ORD085568,2024-04-03,Wrong Product,1280.11
RET04258,ORD085581,2025-07-30,Size/Fit Issue,3429.83
RET04259,ORD085586,2025-12-17,Size/Fit Issue,11709.4
RET04260,ORD085592,2025-01-06,Changed Mind,2426.21
RET04261,ORD085651,2025-10-01,Product Not as Expected,5245.84
RET04262,ORD085663,2025-01-27,Late Delivery,2347.56
RET04263,ORD085667,2024-06-27,Changed Mind,5217.41
RET04264,ORD085674,2025-05-29,Product Not as Expected,5741.18
RET04265,ORD085675,2024-07-03,Size/Fit Issue,641.32
RET04266,ORD085677,2025-09-21,Poor Quality,1755.78
RET04267,ORD085678,2025-10-13,Size/Fit Issue,6579.1
RET04268,ORD085721,2026-01-07,Wrong Product,2366.82
RET04269,ORD085727,2025-08-06,Poor Quality,1155.61
RET04270,ORD085776,2024-09-13,Late Delivery,2230.79
RET04271,ORD085787,2024-11-26,Damaged,11968.62
RET04272,ORD085820,2024-11-07,Wrong Product,5654.22
RET04273,ORD085834,2025-12-26,Product Not as Expected,8351.54
RET04274,ORD085857,2024-07-26,Product Not as Expected,11621.55
RET04275,ORD085911,2024-07-12,Poor Quality,9839.36
RET04276,ORD085913,2025-06-20,Size/Fit Issue,10403.81
RET04277,ORD085915,2025-01-14,Size/Fit Issue,7752.03
RET04278,ORD085962,2025-06-25,Product Not as Expected,6407.45
RET04279,ORD085970,2024-05-31,Late Delivery,9605.29
RET04280,ORD085976,2024-04-02,Poor Quality,1048.7
RET04281,ORD085977,2025-08-03,Product Not as Expected,9000.5
RET04282,ORD086019,2025-07-23,Size/Fit Issue,5214.88
RET04283,ORD086030,2024-09-10,Size/Fit Issue,4658.69
RET04284,ORD086056,2025-11-16,Damaged,10398.86
RET04285,ORD086071,2024-12-19,Product Not as Expected,3799.69
RET04286,ORD086076,2024-05-09,Damaged,7926.91
RET04287,ORD086121,2025-01-20,Size/Fit Issue,5909.91
RET04288,ORD086172,2025-03-12,Late Delivery,8834.2
RET04289,ORD086191,2025-09-17,Damaged,1793.07
RET04290,ORD086192,2025-10-06,Changed Mind,8234.41
RET04291,ORD086232,2024-11-14,Size/Fit Issue,5385.9
RET04292,ORD086239,2025-12-03,Damaged,7366.97
RET04293,ORD086250,2024-10-24,Wrong Product,8140.01
RET04294,ORD086274,2024-10-01,Poor Quality,2396.78
RET04295,ORD086321,2025-08-29,Size/Fit Issue,5938.4
RET04296,ORD086328,2025-09-04,Product Not as Expected,4613.03
RET04297,ORD086331,2025-12-14,Poor Quality,11002.75
RET04298,ORD086339,2024-12-21,Late Delivery,7560.2
RET04299,ORD086358,2025-03-05,Wrong Product,4450.1
RET04300,ORD086363,2024-11-26,Damaged,5885.94
RET04301,ORD086385,2024-03-23,Late Delivery,6429.56
RET04302,ORD086387,2024-05-20,Damaged,4069.93
RET04303,ORD086389,2025-01-22,Damaged,6991.09
RET04304,ORD086393,2024-08-17,Product Not as Expected,10312.44
RET04305,ORD086397,2025-02-08,Product Not as Expected,4285.8
RET04306,ORD086412,2024-04-22,Changed Mind,6233.21
RET04307,ORD086440,2025-05-06,Damaged,1608.73
RET04308,ORD086445,2025-01-19,Poor Quality,11390.4
RET04309,ORD086447,2025-03-27,Poor Quality,5520.86
RET04310,ORD086466,2025-02-03,Changed Mind,11626.36
RET04311,ORD086476,2024-12-12,Size/Fit Issue,2592.58
RET04312,ORD086503,2024-11-30,Changed Mind,11903.11
RET04313,ORD086514,2024-01-26,Product Not as Expected,1535.65
RET04314,ORD086516,2026-01-06,Damaged,10494.1
RET04315,ORD086519,2025-09-14,Poor Quality,9315.06
RET04316,ORD086530,2024-04-15,Late Delivery,5030.75
RET04317,ORD086589,2024-09-12,Damaged,4554.86
RET04318,ORD086652,2024-10-16,Product Not as Expected,11893.15
RET04319,ORD086654,2025-06-02,Product Not as Expected,8565.24
RET04320,ORD086660,2025-11-07,Late Delivery,11415.4
RET04321,ORD086671,2024-05-26,Product Not as Expected,8860.59
RET04322,ORD086677,2025-03-17,Size/Fit Issue,11156.78
RET04323,ORD086685,2025-11-01,Product Not as Expected,4190.91
RET04324,ORD086703,2025-01-03,Changed Mind,2825.43
RET04325,ORD086721,2025-10-19,Poor Quality,2127.84
RET04326,ORD086722,2024-06-17,Late Delivery,7751.11
RET04327,ORD086734,2024-01-10,Poor Quality,7940.78
RET04328,ORD086780,2024-12-15,Product Not as Expected,936.74
RET04329,ORD086781,2024-08-05,Changed Mind,3671.93
RET04330,ORD086815,2024-06-24,Product Not as Expected,7580.53
RET04331,ORD086827,2024-02-10,Size/Fit Issue,10172.83
RET04332,ORD086840,2024-03-31,Changed Mind,842.85
RET04333,ORD086846,2024-09-06,Product Not as Expected,3066.46
RET04334,ORD086964,2024-11-13,Late Delivery,9474.41
RET04335,ORD086970,2025-10-21,Wrong Product,6933.69
RET04336,ORD086981,2024-03-08,Wrong Product,6552.95
RET04337,ORD086989,2024-07-27,Product Not as Expected,8190.49
RET04338,ORD087011,2024-03-24,Product Not as Expected,4831.95
RET04339,ORD087014,2025-07-24,Size/Fit Issue,8638.12
RET04340,ORD087015,2025-12-08,Product Not as Expected,10508.0
RET04341,ORD087018,2024-07-22,Poor Quality,1400.92
RET04342,ORD087058,2024-05-30,Size/Fit Issue,9133.86
RET04343,ORD087082,2026-01-23,Changed Mind,515.01
RET04344,ORD087091,2025-07-11,Size/Fit Issue,1018.48
RET04345,ORD087140,2025-04-20,Size/Fit Issue,5731.89
RET04346,ORD087157,2025-11-04,Product Not as Expected,11573.46
RET04347,ORD087201,2025-11-09,Size/Fit Issue,6955.14
RET04348,ORD087219,2024-05-05,Wrong Product,8331.96
RET04349,ORD087236,2024-05-08,Late Delivery,11735.37
RET04350,ORD087271,2024-07-10,Product Not as Expected,7734.34
RET04351,ORD087306,2025-08-28,Size/Fit Issue,7428.09
RET04352,ORD087354,2024-09-08,Damaged,8578.31
RET04353,ORD087372,2025-06-18,Size/Fit Issue,11725.05
RET04354,ORD087377,2024-01-19,Damaged,5767.55
RET04355,ORD087398,2024-05-25,Damaged,2008.13
RET04356,ORD087404,2024-12-29,Late Delivery,1283.98
RET04357,ORD087413,2025-02-20,Late Delivery,11017.67
RET04358,ORD087419,2025-04-03,Poor Quality,2734.22
RET04359,ORD087432,2024-07-10,Wrong Product,11239.89
RET04360,ORD087433,2024-01-09,Product Not as Expected,4199.4
RET04361,ORD087439,2025-04-28,Poor Quality,7243.01
RET04362,ORD087463,2024-10-19,Changed Mind,11538.46
RET04363,ORD087480,2024-07-15,Product Not as Expected,6154.71
RET04364,ORD087484,2025-04-04,Damaged,8352.27
RET04365,ORD087496,2025-02-20,Changed Mind,9113.33
RET04366,ORD087524,2025-01-22,Changed Mind,306.76
RET04367,ORD087531,2024-06-10,Damaged,7940.19
RET04368,ORD087534,2024-06-12,Size/Fit Issue,8116.28
RET04369,ORD087649,2024-11-18,Late Delivery,2853.82
RET04370,ORD087695,2024-07-26,Damaged,9679.73
RET04371,ORD087718,2025-10-12,Wrong Product,10400.85
RET04372,ORD087724,2025-03-01,Product Not as Expected,7493.49
RET04373,ORD087781,2025-08-03,Late Delivery,10032.9
RET04374,ORD087786,2025-02-22,Damaged,1641.46
RET04375,ORD087818,2024-12-21,Poor Quality,8722.29
RET04376,ORD087855,2024-04-05,Size/Fit Issue,5149.75
RET04377,ORD087868,2024-10-05,Wrong Product,1131.75
RET04378,ORD087892,2025-04-13,Size/Fit Issue,9138.72
RET04379,ORD087945,2024-10-11,Damaged,3930.04
RET04380,ORD087953,2024-01-21,Damaged,1178.12
RET04381,ORD087973,2024-09-11,Damaged,9068.24
RET04382,ORD087977,2025-07-08,Damaged,6254.46
RET04383,ORD088036,2026-01-11,Size/Fit Issue,611.68
RET04384,ORD088042,2025-05-13,Product Not as Expected,8768.75
RET04385,ORD088053,2024-08-02,Product Not as Expected,8511.11
RET04386,ORD088089,2025-04-08,Poor Quality,3738.25
RET04387,ORD088095,2025-10-13,Product Not as Expected,5546.73
RET04388,ORD088111,2025-09-17,Wrong Product,11074.31
RET04389,ORD088116,2025-05-27,Size/Fit Issue,5694.69
RET04390,ORD088125,2025-12-15,Product Not as Expected,6710.56
RET04391,ORD088129,2025-05-23,Poor Quality,10059.46
RET04392,ORD088148,2025-01-26,Late Delivery,7604.32
RET04393,ORD088151,2025-01-15,Product Not as Expected,3795.53
RET04394,ORD088152,2025-05-05,Damaged,9785.88
RET04395,ORD088215,2025-01-09,Poor Quality,3171.08
RET04396,ORD088230,2025-01-10,Product Not as Expected,11270.7
RET04397,ORD088237,2024-04-25,Changed Mind,7555.56
RET04398,ORD088246,2024-08-29,Damaged,3749.85
RET04399,ORD088297,2024-08-25,Product Not as Expected,6190.31
RET04400,ORD088306,2024-09-10,Damaged,8872.26
RET04401,ORD088334,2026-01-02,Damaged,3925.03
RET04402,ORD088356,2025-08-13,Product Not as Expected,6728.06
RET04403,ORD088371,2024-07-17,Wrong Product,3127.25
RET04404,ORD088391,2025-06-11,Late Delivery,9703.17
RET04405,ORD088441,2024-06-11,Wrong Product,10599.9
RET04406,ORD088455,2024-12-10,Product Not as Expected,5094.54
RET04407,ORD088460,2024-09-23,Poor Quality,2378.21
RET04408,ORD088505,2024-12-28,Size/Fit Issue,6110.23
RET04409,ORD088518,2024-02-07,Damaged,10534.49
RET04410,ORD088520,2025-07-14,Wrong Product,2712.67
RET04411,ORD088537,2024-09-19,Size/Fit Issue,8065.98
RET04412,ORD088586,2025-03-07,Product Not as Expected,6172.36
RET04413,ORD088606,2025-01-06,Size/Fit Issue,11620.79
RET04414,ORD088630,2025-05-20,Changed Mind,11228.47
RET04415,ORD088668,2025-10-09,Wrong Product,4413.98
RET04416,ORD088670,2025-12-21,Damaged,10584.29
RET04417,ORD088686,2024-02-23,Damaged,3684.71
RET04418,ORD088688,2024-12-26,Changed Mind,10858.36
RET04419,ORD088702,2025-03-20,Damaged,1399.24
RET04420,ORD088756,2024-05-12,Poor Quality,3051.16
RET04421,ORD088758,2025-09-09,Poor Quality,11951.27
RET04422,ORD088766,2024-09-04,Damaged,5280.66
RET04423,ORD088768,2024-11-15,Size/Fit Issue,10392.16
RET04424,ORD088791,2024-10-13,Size/Fit Issue,1869.96
RET04425,ORD088816,2024-07-01,Size/Fit Issue,4125.43
RET04426,ORD088850,2024-12-08,Wrong Product,1690.37
RET04427,ORD088860,2025-06-07,Changed Mind,3026.58
RET04428,ORD088886,2024-02-16,Size/Fit Issue,2432.83
RET04429,ORD088895,2024-06-25,Poor Quality,2930.96
RET04430,ORD088921,2024-07-15,Changed Mind,10699.97
RET04431,ORD088974,2024-09-11,Product Not as Expected,1469.02
RET04432,ORD089001,2024-12-04,Size/Fit Issue,11665.2
RET04433,ORD089009,2025-09-14,Product Not as Expected,540.16
RET04434,ORD089020,2025-08-10,Product Not as Expected,3082.11
RET04435,ORD089022,2025-02-17,Size/Fit Issue,9055.38
RET04436,ORD089025,2025-08-08,Changed Mind,4258.84
RET04437,ORD089039,2024-03-06,Poor Quality,2146.98
RET04438,ORD089041,2026-01-07,Wrong Product,2938.63
RET04439,ORD089065,2024-10-02,Damaged,5678.98
RET04440,ORD089078,2024-06-26,Damaged,8119.79
RET04441,ORD089093,2025-10-30,Poor Quality,6161.55
RET04442,ORD089134,2025-11-15,Size/Fit Issue,10378.57
RET04443,ORD089140,2025-03-26,Wrong Product,9305.08
RET04444,ORD089151,2026-01-13,Size/Fit Issue,4648.64
RET04445,ORD089161,2025-07-23,Size/Fit Issue,10534.15
RET04446,ORD089171,2025-12-25,Product Not as Expected,429.74
RET04447,ORD089202,2024-07-23,Product Not as Expected,11841.74
RET04448,ORD089219,2024-11-30,Poor Quality,6183.27
RET04449,ORD089233,2025-04-10,Size/Fit Issue,11383.67
RET04450,ORD089255,2024-06-17,Product Not as Expected,9109.36
RET04451,ORD089257,2025-12-22,Wrong Product,6035.16
RET04452,ORD089267,2024-01-14,Product Not as Expected,2915.85
RET04453,ORD089273,2025-11-17,Product Not as Expected,7906.22
RET04454,ORD089275,2024-12-04,Size/Fit Issue,8174.52
RET04455,ORD089315,2024-12-10,Poor Quality,9850.34
RET04456,ORD089329,2025-10-22,Size/Fit Issue,4610.06
RET04457,ORD089367,2024-06-08,Size/Fit Issue,4561.39
RET04458,ORD089393,2025-11-18,Size/Fit Issue,7971.24
RET04459,ORD089444,2025-10-05,Late Delivery,5094.77
RET04460,ORD089453,2025-12-28,Size/Fit Issue,11021.77
RET04461,ORD089457,2025-11-14,Late Delivery,4343.85
RET04462,ORD089466,2024-02-27,Changed Mind,8473.55
RET04463,ORD089472,2025-07-28,Changed Mind,7116.67
RET04464,ORD089485,2024-07-19,Poor Quality,4722.41
RET04465,ORD089499,2024-05-02,Changed Mind,10836.21
RET04466,ORD089500,2024-09-08,Changed Mind,11609.14
RET04467,ORD089637,2025-05-12,Changed Mind,3906.86
RET04468,ORD089638,2024-12-20,Size/Fit Issue,4310.83
RET04469,ORD089646,2025-09-10,Damaged,7202.63
RET04470,ORD089663,2024-07-25,Wrong Product,10896.21
RET04471,ORD089670,2024-02-05,Product Not as Expected,4490.9
RET04472,ORD089675,2024-02-06,Product Not as Expected,6059.79
RET04473,ORD089734,2025-10-24,Damaged,482.54
RET04474,ORD089754,2025-04-26,Poor Quality,1644.64
RET04475,ORD089762,2025-03-02,Damaged,3986.08
RET04476,ORD089798,2025-12-02,Product Not as Expected,5010.77
RET04477,ORD089805,2024-09-10,Damaged,5695.53
RET04478,ORD089827,2025-03-12,Late Delivery,5872.22
RET04479,ORD089841,2024-11-26,Changed Mind,10019.64
RET04480,ORD089854,2024-08-22,Size/Fit Issue,2340.54
RET04481,ORD089885,2024-06-12,Product Not as Expected,5626.67
RET04482,ORD089914,2024-09-18,Size/Fit Issue,6070.74
RET04483,ORD089963,2025-05-06,Changed Mind,9966.75
RET04484,ORD089981,2024-11-06,Changed Mind,3280.14
RET04485,ORD089991,2024-10-19,Wrong Product,980.76
RET04486,ORD089997,2025-10-30,Poor Quality,5033.73
RET04487,ORD090001,2024-08-26,Damaged,7317.74
RET04488,ORD090010,2024-05-02,Late Delivery,10499.87
RET04489,ORD090059,2025-11-01,Size/Fit Issue,4584.15
RET04490,ORD090060,2025-08-19,Poor Quality,346.41
RET04491,ORD090066,2024-02-25,Changed Mind,4829.86
RET04492,ORD090085,2026-01-13,Late Delivery,9922.31
RET04493,ORD090093,2024-08-09,Damaged,11663.5
RET04494,ORD090098,2024-09-18,Changed Mind,11735.39
RET04495,ORD090105,2026-01-09,Wrong Product,3591.31
RET04496,ORD090114,2025-11-05,Changed Mind,5985.62
RET04497,ORD090121,2024-02-18,Product Not as Expected,3522.96
RET04498,ORD090154,2025-04-24,Product Not as Expected,5929.81
RET04499,ORD090206,2024-05-21,Wrong Product,11022.86
RET04500,ORD090246,2025-08-24,Poor Quality,7439.52
RET04501,ORD090251,2024-04-12,Damaged,2431.83
RET04502,ORD090303,2026-01-04,Wrong Product,9187.31
RET04503,ORD090310,2024-02-01,Size/Fit Issue,5699.26
RET04504,ORD090311,2025-05-18,Wrong Product,4924.09
RET04505,ORD090336,2025-01-16,Changed Mind,7504.32
RET04506,ORD090362,2026-01-19,Wrong Product,618.93
RET04507,ORD090430,2024-06-05,Late Delivery,1397.98
RET04508,ORD090485,2024-03-29,Changed Mind,8063.06
RET04509,ORD090492,2025-02-22,Late Delivery,8301.77
RET04510,ORD090511,2025-02-22,Late Delivery,884.41
RET04511,ORD090533,2024-03-21,Size/Fit Issue,3626.11
RET04512,ORD090576,2026-01-20,Product Not as Expected,5876.47
RET04513,ORD090604,2024-12-12,Damaged,9883.72
RET04514,ORD090619,2025-08-05,Poor Quality,3350.04
RET04515,ORD090622,2024-11-28,Wrong Product,9919.43
RET04516,ORD090633,2025-04-11,Product Not as Expected,5677.07
RET04517,ORD090669,2025-09-10,Late Delivery,2107.6
RET04518,ORD090675,2024-11-11,Damaged,8011.38
RET04519,ORD090744,2025-05-18,Poor Quality,7030.84
RET04520,ORD090751,2025-08-24,Changed Mind,6646.55
RET04521,ORD090752,2024-04-01,Changed Mind,2945.67
RET04522,ORD090794,2025-04-25,Changed Mind,6538.26
RET04523,ORD090803,2025-08-30,Product Not as Expected,6449.65
RET04524,ORD090815,2025-08-05,Poor Quality,7012.6
RET04525,ORD090818,2024-06-30,Poor Quality,6234.45
RET04526,ORD090832,2025-05-04,Product Not as Expected,7148.21
RET04527,ORD090841,2024-07-04,Product Not as Expected,6482.53
RET04528,ORD090867,2024-09-10,Wrong Product,7051.6
RET04529,ORD090919,2024-12-29,Wrong Product,9807.21
RET04530,ORD090942,2025-09-04,Damaged,2914.62
RET04531,ORD090998,2024-04-27,Wrong Product,11138.75
RET04532,ORD091050,2025-03-30,Poor Quality,2027.86
RET04533,ORD091103,2024-09-04,Damaged,8154.95
RET04534,ORD091104,2024-09-24,Product Not as Expected,5087.27
RET04535,ORD091144,2025-09-13,Damaged,922.19
RET04536,ORD091161,2024-03-23,Poor Quality,11561.41
RET04537,ORD091168,2025-08-30,Damaged,6258.36
RET04538,ORD091191,2025-05-05,Late Delivery,9347.3
RET04539,ORD091209,2024-12-18,Late Delivery,9077.07
RET04540,ORD091219,2025-07-14,Late Delivery,6346.04
RET04541,ORD091230,2024-12-13,Size/Fit Issue,484.68
RET04542,ORD091316,2025-01-09,Poor Quality,6899.32
RET04543,ORD091333,2025-11-28,Size/Fit Issue,392.93
RET04544,ORD091353,2025-09-06,Late Delivery,11925.74
RET04545,ORD091365,2024-08-21,Poor Quality,1216.39
RET04546,ORD091388,2024-10-30,Wrong Product,10220.26
RET04547,ORD091411,2024-02-06,Wrong Product,2121.65
RET04548,ORD091419,2024-05-14,Damaged,11058.52
RET04549,ORD091421,2025-08-02,Size/Fit Issue,9847.41
RET04550,ORD091433,2025-05-13,Product Not as Expected,9981.01
RET04551,ORD091466,2025-02-01,Size/Fit Issue,4044.88
RET04552,ORD091479,2024-07-11,Damaged,9666.08
RET04553,ORD091495,2025-01-01,Poor Quality,3584.09
RET04554,ORD091513,2025-04-15,Size/Fit Issue,311.5
RET04555,ORD091521,2025-12-26,Changed Mind,6528.03
RET04556,ORD091592,2024-04-28,Damaged,9399.88
RET04557,ORD091593,2025-06-09,Damaged,1756.16
RET04558,ORD091636,2025-12-28,Size/Fit Issue,6465.82
RET04559,ORD091680,2024-07-20,Damaged,9193.54
RET04560,ORD091706,2025-02-12,Size/Fit Issue,2999.05
RET04561,ORD091729,2025-03-05,Damaged,821.52
RET04562,ORD091730,2024-11-08,Wrong Product,5828.98
RET04563,ORD091758,2025-03-03,Poor Quality,2258.97
RET04564,ORD091783,2024-01-28,Damaged,8938.44
RET04565,ORD091799,2025-12-29,Product Not as Expected,9558.06
RET04566,ORD091802,2024-07-28,Product Not as Expected,2276.65
RET04567,ORD091810,2025-07-19,Damaged,457.97
RET04568,ORD091940,2025-09-15,Size/Fit Issue,6396.84
RET04569,ORD091946,2024-02-07,Product Not as Expected,5307.38
RET04570,ORD091956,2024-09-27,Changed Mind,11721.67
RET04571,ORD091966,2025-07-15,Product Not as Expected,5148.73
RET04572,ORD091992,2025-02-15,Wrong Product,2848.62
RET04573,ORD092021,2025-09-02,Damaged,1950.86
RET04574,ORD092036,2024-01-25,Wrong Product,8011.48
RET04575,ORD092073,2024-03-24,Product Not as Expected,341.06
RET04576,ORD092111,2024-12-13,Late Delivery,5413.63
RET04577,ORD092119,2024-03-15,Late Delivery,420.65
RET04578,ORD092138,2024-03-27,Product Not as Expected,3227.57
RET04579,ORD092139,2025-06-29,Size/Fit Issue,10906.36
RET04580,ORD092150,2025-12-24,Damaged,352.14
RET04581,ORD092166,2025-12-20,Late Delivery,1078.58
RET04582,ORD092172,2024-10-06,Product Not as Expected,3130.11
RET04583,ORD092174,2024-09-08,Late Delivery,5537.19
RET04584,ORD092192,2025-02-12,Size/Fit Issue,6391.67
RET04585,ORD092194,2024-05-29,Changed Mind,6130.08
RET04586,ORD092197,2025-02-23,Product Not as Expected,5075.41
RET04587,ORD092270,2024-11-11,Product Not as Expected,2957.72
RET04588,ORD092273,2025-01-15,Late Delivery,6229.67
RET04589,ORD092296,2024-06-22,Product Not as Expected,2325.74
RET04590,ORD092327,2024-12-17,Wrong Product,759.0
RET04591,ORD092403,2025-04-21,Late Delivery,11123.16
RET04592,ORD092406,2025-09-11,Product Not as Expected,5787.94
RET04593,ORD092410,2025-12-14,Product Not as Expected,10484.24
RET04594,ORD092433,2025-09-17,Size/Fit Issue,11681.63
RET04595,ORD092485,2026-01-02,Changed Mind,510.32
RET04596,ORD092495,2024-03-30,Product Not as Expected,1145.27
RET04597,ORD092497,2026-01-16,Poor Quality,11368.01
RET04598,ORD092512,2025-05-06,Wrong Product,7494.49
RET04599,ORD092554,2025-01-26,Damaged,4496.52
RET04600,ORD092566,2024-12-29,Product Not as Expected,1828.61
RET04601,ORD092609,2025-11-12,Poor Quality,3369.88
RET04602,ORD092634,2024-04-24,Size/Fit Issue,6786.48
RET04603,ORD092756,2024-04-02,Poor Quality,8223.87
RET04604,ORD092772,2024-05-23,Changed Mind,8384.31
RET04605,ORD092799,2025-09-20,Damaged,11621.85
RET04606,ORD092807,2024-12-17,Damaged,9797.77
RET04607,ORD092829,2024-03-31,Damaged,10344.46
RET04608,ORD092851,2025-01-03,Wrong Product,742.16
RET04609,ORD092853,2025-06-22,Damaged,9875.18
RET04610,ORD092883,2024-04-26,Size/Fit Issue,8173.85
RET04611,ORD092884,2024-06-21,Damaged,1388.95
RET04612,ORD092887,2024-08-28,Wrong Product,2788.76
RET04613,ORD092894,2025-07-19,Product Not as Expected,4292.83
RET04614,ORD092958,2024-01-12,Product Not as Expected,829.01
RET04615,ORD092959,2024-02-15,Damaged,5943.14
RET04616,ORD092966,2024-06-28,Poor Quality,3337.47
RET04617,ORD092973,2024-02-26,Damaged,2940.84
RET04618,ORD092979,2025-08-17,Late Delivery,9294.84
RET04619,ORD092988,2025-05-27,Changed Mind,5755.34
RET04620,ORD093005,2025-04-08,Poor Quality,6988.04
RET04621,ORD093017,2025-02-01,Damaged,3414.03
RET04622,ORD093018,2025-02-28,Changed Mind,10483.8
RET04623,ORD093031,2024-10-23,Late Delivery,2762.55
RET04624,ORD093033,2024-09-07,Size/Fit Issue,6866.42
RET04625,ORD093078,2024-03-04,Damaged,437.44
RET04626,ORD093082,2025-01-23,Size/Fit Issue,3352.73
RET04627,ORD093107,2024-03-08,Poor Quality,8961.42
RET04628,ORD093114,2025-08-07,Wrong Product,9565.79
RET04629,ORD093124,2025-02-05,Size/Fit Issue,7413.91
RET04630,ORD093136,2025-03-25,Size/Fit Issue,6266.92
RET04631,ORD093138,2025-09-29,Late Delivery,3684.12
RET04632,ORD093140,2024-05-20,Poor Quality,6159.25
RET04633,ORD093205,2025-05-14,Product Not as Expected,3503.54
RET04634,ORD093236,2025-01-03,Size/Fit Issue,6493.13
RET04635,ORD093258,2025-11-16,Damaged,10858.84
RET04636,ORD093318,2025-08-13,Wrong Product,6413.87
RET04637,ORD093327,2025-12-29,Poor Quality,10152.22
RET04638,ORD093371,2024-11-28,Wrong Product,6753.21
RET04639,ORD093375,2024-02-13,Poor Quality,2324.29
RET04640,ORD093411,2025-05-04,Size/Fit Issue,7659.49
RET04641,ORD093424,2025-11-10,Damaged,11037.42
RET04642,ORD093456,2024-09-05,Product Not as Expected,304.22
RET04643,ORD093478,2025-03-02,Damaged,4056.21
RET04644,ORD093480,2024-05-02,Damaged,10737.04
RET04645,ORD093518,2025-10-01,Poor Quality,7880.7
RET04646,ORD093525,2025-12-24,Damaged,3346.29
RET04647,ORD093545,2024-02-17,Product Not as Expected,10977.94
RET04648,ORD093560,2024-09-09,Changed Mind,8894.75
RET04649,ORD093606,2025-01-08,Late Delivery,11891.01
RET04650,ORD093608,2025-09-27,Size/Fit Issue,11406.82
RET04651,ORD093610,2024-09-05,Size/Fit Issue,10808.86
RET04652,ORD093664,2024-09-28,Late Delivery,7092.11
RET04653,ORD093733,2024-03-09,Wrong Product,5769.86
RET04654,ORD093738,2025-02-28,Size/Fit Issue,8703.73
RET04655,ORD093766,2025-10-25,Damaged,551.59
RET04656,ORD093770,2025-05-03,Product Not as Expected,2778.16
RET04657,ORD093781,2026-01-04,Damaged,5154.85
RET04658,ORD093804,2025-08-20,Damaged,2153.05
RET04659,ORD093809,2025-09-11,Damaged,1637.42
RET04660,ORD093837,2024-05-28,Late Delivery,10256.85
RET04661,ORD093861,2024-02-08,Damaged,7525.45
RET04662,ORD093873,2024-09-10,Poor Quality,4762.17
RET04663,ORD093931,2024-07-04,Damaged,4252.16
RET04664,ORD094006,2024-05-18,Changed Mind,4482.57
RET04665,ORD094008,2025-06-25,Damaged,5686.07
RET04666,ORD094037,2025-04-18,Size/Fit Issue,5527.2
RET04667,ORD094057,2025-04-30,Product Not as Expected,6532.17
RET04668,ORD094108,2025-08-06,Poor Quality,9027.6
RET04669,ORD094117,2024-11-01,Poor Quality,9497.99
RET04670,ORD094121,2024-07-20,Late Delivery,11263.23
RET04671,ORD094133,2025-10-26,Damaged,4432.29
RET04672,ORD094147,2024-01-24,Damaged,9484.24
RET04673,ORD094153,2024-11-24,Changed Mind,8261.92
RET04674,ORD094175,2024-10-07,Poor Quality,2117.51
RET04675,ORD094198,2025-04-05,Late Delivery,2530.61
RET04676,ORD094209,2024-06-30,Poor Quality,10676.82
RET04677,ORD094231,2024-04-28,Size/Fit Issue,8028.31
RET04678,ORD094241,2024-02-24,Product Not as Expected,2021.69
RET04679,ORD094287,2024-02-28,Changed Mind,6033.41
RET04680,ORD094288,2024-10-23,Product Not as Expected,2351.12
RET04681,ORD094300,2024-09-17,Changed Mind,6378.81
RET04682,ORD094303,2025-01-30,Damaged,1398.34
RET04683,ORD094319,2024-12-26,Poor Quality,3446.95
RET04684,ORD094349,2024-02-06,Wrong Product,2328.79
RET04685,ORD094385,2024-06-18,Size/Fit Issue,6502.47
RET04686,ORD094386,2024-05-22,Poor Quality,8961.27
RET04687,ORD094391,2024-08-25,Changed Mind,7996.1
RET04688,ORD094403,2024-11-19,Product Not as Expected,3896.92
RET04689,ORD094406,2025-07-06,Product Not as Expected,5504.92
RET04690,ORD094408,2024-03-24,Changed Mind,7677.49
RET04691,ORD094428,2025-02-23,Wrong Product,2972.27
RET04692,ORD094429,2024-10-22,Damaged,2516.07
RET04693,ORD094463,2025-02-02,Poor Quality,6149.12
RET04694,ORD094465,2025-11-14,Late Delivery,591.06
RET04695,ORD094470,2025-10-15,Poor Quality,7200.97
RET04696,ORD094503,2024-06-13,Product Not as Expected,8824.24
RET04697,ORD094527,2024-03-14,Wrong Product,11028.92
RET04698,ORD094567,2024-12-30,Size/Fit Issue,5683.62
RET04699,ORD094570,2024-08-20,Wrong Product,1296.06
RET04700,ORD094574,2025-07-18,Product Not as Expected,9009.09
RET04701,ORD094583,2025-02-11,Damaged,1062.14
RET04702,ORD094647,2025-03-21,Changed Mind,7945.18
RET04703,ORD094661,2025-08-09,Damaged,1365.8
RET04704,ORD094666,2024-01-19,Late Delivery,3801.2
RET04705,ORD094668,2024-02-16,Damaged,9974.78
RET04706,ORD094671,2024-09-18,Changed Mind,9159.99
RET04707,ORD094675,2025-06-13,Wrong Product,6044.21
RET04708,ORD094678,2025-09-07,Late Delivery,4756.95
RET04709,ORD094713,2025-10-14,Poor Quality,8694.21
RET04710,ORD094754,2024-03-02,Product Not as Expected,2784.39
RET04711,ORD094760,2025-01-09,Changed Mind,5724.91
RET04712,ORD094782,2025-04-26,Poor Quality,8543.15
RET04713,ORD094783,2025-10-28,Damaged,9901.23
RET04714,ORD094800,2024-07-16,Poor Quality,3839.94
RET04715,ORD094847,2024-10-29,Changed Mind,1055.34
RET04716,ORD094875,2024-06-11,Changed Mind,674.97
RET04717,ORD094888,2024-06-14,Late Delivery,11754.33
RET04718,ORD094891,2025-11-16,Damaged,10903.98
RET04719,ORD094892,2025-06-10,Wrong Product,5715.75
RET04720,ORD094907,2024-06-20,Product Not as Expected,3012.3
RET04721,ORD094938,2025-08-17,Product Not as Expected,4835.36
RET04722,ORD094941,2024-08-17,Size/Fit Issue,11226.24
RET04723,ORD094952,2024-10-15,Changed Mind,6675.57
RET04724,ORD095034,2024-04-11,Wrong Product,11061.17
RET04725,ORD095060,2025-04-16,Wrong Product,8767.8
RET04726,ORD095090,2024-07-30,Changed Mind,9870.59
RET04727,ORD095096,2024-02-02,Wrong Product,3781.73
RET04728,ORD095112,2025-09-08,Damaged,7069.87
RET04729,ORD095157,2024-08-17,Changed Mind,9985.59
RET04730,ORD095177,2024-08-13,Wrong Product,1068.2
RET04731,ORD095217,2025-08-02,Size/Fit Issue,8284.33
RET04732,ORD095239,2024-01-15,Size/Fit Issue,11146.83
RET04733,ORD095254,2024-11-15,Changed Mind,3919.71
RET04734,ORD095298,2025-06-30,Changed Mind,9515.99
RET04735,ORD095306,2024-12-04,Poor Quality,1061.34
RET04736,ORD095308,2025-01-17,Changed Mind,3457.61
RET04737,ORD095317,2024-06-19,Changed Mind,8893.12
RET04738,ORD095334,2024-10-24,Size/Fit Issue,11765.17
RET04739,ORD095363,2024-11-24,Poor Quality,724.88
RET04740,ORD095382,2024-05-22,Product Not as Expected,6438.52
RET04741,ORD095392,2025-12-21,Poor Quality,651.75
RET04742,ORD095409,2024-03-09,Poor Quality,11378.08
RET04743,ORD095460,2025-01-11,Changed Mind,2364.53
RET04744,ORD095478,2025-03-22,Poor Quality,3619.93
RET04745,ORD095481,2025-10-04,Size/Fit Issue,7959.92
RET04746,ORD095511,2025-03-18,Damaged,10731.53
RET04747,ORD095538,2026-01-15,Product Not as Expected,11334.14
RET04748,ORD095622,2025-02-25,Late Delivery,2677.93
RET04749,ORD095659,2025-08-03,Product Not as Expected,1048.57
RET04750,ORD095665,2024-10-19,Size/Fit Issue,9159.98
RET04751,ORD095680,2025-12-25,Poor Quality,6439.29
RET04752,ORD095689,2025-05-25,Wrong Product,6609.31
RET04753,ORD095698,2025-03-08,Late Delivery,11278.11
RET04754,ORD095734,2025-11-14,Damaged,11827.0
RET04755,ORD095767,2024-01-23,Wrong Product,10461.86
RET04756,ORD095770,2024-12-05,Late Delivery,10739.75
RET04757,ORD095772,2025-09-07,Product Not as Expected,1122.82
RET04758,ORD095793,2026-01-08,Product Not as Expected,3837.33
RET04759,ORD095801,2025-08-22,Size/Fit Issue,8757.56
RET04760,ORD095815,2024-02-08,Late Delivery,9541.89
RET04761,ORD095891,2026-01-26,Wrong Product,940.37
RET04762,ORD095946,2024-03-23,Late Delivery,6467.61
RET04763,ORD095980,2024-12-07,Poor Quality,10603.11
RET04764,ORD096012,2025-12-09,Wrong Product,586.16
RET04765,ORD096013,2025-11-11,Product Not as Expected,6574.98
RET04766,ORD096019,2025-04-30,Poor Quality,8332.31
RET04767,ORD096034,2025-04-29,Size/Fit Issue,5056.48
RET04768,ORD096043,2024-10-29,Poor Quality,6506.11
RET04769,ORD096052,2025-09-13,Damaged,3554.03
RET04770,ORD096057,2025-02-13,Poor Quality,7002.01
RET04771,ORD096064,2024-09-13,Product Not as Expected,10650.32
RET04772,ORD096077,2025-05-28,Poor Quality,5377.5
RET04773,ORD096143,2024-09-19,Size/Fit Issue,8534.27
RET04774,ORD096175,2024-02-22,Poor Quality,6708.1
RET04775,ORD096260,2024-12-02,Product Not as Expected,8061.42
RET04776,ORD096288,2025-10-09,Size/Fit Issue,1102.5
RET04777,ORD096290,2024-11-13,Changed Mind,7519.29
RET04778,ORD096292,2025-06-29,Damaged,4930.41
RET04779,ORD096316,2024-02-03,Damaged,10071.33
RET04780,ORD096352,2025-10-15,Changed Mind,11640.55
RET04781,ORD096385,2024-02-05,Late Delivery,7791.58
RET04782,ORD096389,2024-10-17,Product Not as Expected,5129.22
RET04783,ORD096400,2024-11-29,Product Not as Expected,8133.2
RET04784,ORD096426,2024-05-06,Wrong Product,10611.88
RET04785,ORD096466,2025-06-23,Product Not as Expected,11347.22
RET04786,ORD096486,2024-03-21,Wrong Product,6389.04
RET04787,ORD096491,2024-02-12,Late Delivery,11385.48
RET04788,ORD096508,2025-07-19,Size/Fit Issue,7332.82
RET04789,ORD096510,2025-12-17,Late Delivery,5356.68
RET04790,ORD096514,2025-07-25,Size/Fit Issue,2558.71
RET04791,ORD096555,2025-02-18,Late Delivery,5841.54
RET04792,ORD096563,2025-09-04,Wrong Product,3919.12
RET04793,ORD096577,2025-07-27,Wrong Product,8868.67
RET04794,ORD096612,2025-04-13,Changed Mind,7737.51
RET04795,ORD096614,2024-05-31,Late Delivery,9955.93
RET04796,ORD096642,2024-05-06,Changed Mind,3318.43
RET04797,ORD096648,2025-05-24,Changed Mind,10266.25
RET04798,ORD096654,2025-03-23,Poor Quality,1809.59
RET04799,ORD096655,2025-01-02,Size/Fit Issue,4217.39
RET04800,ORD096656,2025-01-07,Changed Mind,8514.38
RET04801,ORD096758,2025-09-15,Late Delivery,9542.11
RET04802,ORD096768,2025-08-27,Product Not as Expected,2741.92
RET04803,ORD096796,2025-10-08,Product Not as Expected,1559.33
RET04804,ORD096838,2025-01-12,Damaged,7346.39
RET04805,ORD096854,2025-07-17,Damaged,1234.81
RET04806,ORD096884,2025-06-18,Product Not as Expected,11270.51
RET04807,ORD096904,2025-02-11,Late Delivery,11131.03
RET04808,ORD096943,2024-03-03,Size/Fit Issue,11654.66
RET04809,ORD096947,2025-08-21,Poor Quality,2042.65
RET04810,ORD096965,2024-06-25,Changed Mind,9938.17
RET04811,ORD096976,2025-10-31,Late Delivery,5567.87
RET04812,ORD097009,2025-06-11,Size/Fit Issue,5461.2
RET04813,ORD097031,2025-03-11,Product Not as Expected,2236.95
RET04814,ORD097081,2024-01-20,Poor Quality,1105.24
RET04815,ORD097098,2026-01-15,Changed Mind,5535.41
RET04816,ORD097109,2024-06-28,Product Not as Expected,7056.24
RET04817,ORD097113,2026-01-14,Size/Fit Issue,2964.49
RET04818,ORD097161,2024-09-01,Product Not as Expected,11210.68
RET04819,ORD097188,2025-12-04,Changed Mind,3050.91
RET04820,ORD097236,2025-10-29,Product Not as Expected,4496.77
RET04821,ORD097258,2024-09-17,Poor Quality,9031.27
RET04822,ORD097266,2025-11-29,Product Not as Expected,9070.19
RET04823,ORD097308,2024-05-02,Poor Quality,4499.34
RET04824,ORD097339,2025-06-29,Size/Fit Issue,5543.23
RET04825,ORD097357,2024-02-23,Product Not as Expected,11540.91
RET04826,ORD097362,2025-01-04,Size/Fit Issue,4093.26
RET04827,ORD097369,2025-08-18,Damaged,9290.09
RET04828,ORD097376,2024-04-17,Wrong Product,10473.37
RET04829,ORD097457,2025-12-31,Product Not as Expected,10207.2
RET04830,ORD097488,2024-06-27,Damaged,4737.39
RET04831,ORD097515,2025-02-12,Wrong Product,4875.34
RET04832,ORD097519,2025-07-16,Damaged,9225.69
RET04833,ORD097526,2024-10-05,Wrong Product,3682.13
RET04834,ORD097528,2024-11-28,Size/Fit Issue,1839.54
RET04835,ORD097586,2024-12-30,Late Delivery,5816.42
RET04836,ORD097599,2024-10-31,Damaged,3126.91
RET04837,ORD097635,2024-05-19,Poor Quality,2786.57
RET04838,ORD097642,2024-09-30,Changed Mind,6422.7
RET04839,ORD097643,2024-09-30,Size/Fit Issue,5912.65
RET04840,ORD097648,2025-04-11,Wrong Product,11133.72
RET04841,ORD097650,2024-07-23,Wrong Product,10934.02
RET04842,ORD097683,2025-11-10,Poor Quality,8691.27
RET04843,ORD097715,2025-01-04,Wrong Product,7044.78
RET04844,ORD097725,2025-01-10,Damaged,3413.13
RET04845,ORD097763,2025-03-11,Damaged,4021.22
RET04846,ORD097771,2024-12-28,Wrong Product,6253.26
RET04847,ORD097780,2024-07-24,Changed Mind,10228.57
RET04848,ORD097781,2024-08-25,Product Not as Expected,7111.55
RET04849,ORD097833,2024-05-31,Size/Fit Issue,3861.24
RET04850,ORD097861,2025-03-25,Damaged,7604.87
RET04851,ORD097887,2025-03-19,Wrong Product,10513.47
RET04852,ORD097915,2024-09-13,Late Delivery,742.87
RET04853,ORD097930,2024-02-18,Damaged,11876.32
RET04854,ORD097988,2024-11-04,Poor Quality,3745.92
RET04855,ORD097992,2025-12-09,Product Not as Expected,10556.44
RET04856,ORD098005,2025-02-25,Size/Fit Issue,9074.62
RET04857,ORD098028,2025-05-31,Product Not as Expected,11052.92
RET04858,ORD098044,2024-10-04,Size/Fit Issue,10856.85
RET04859,ORD098054,2025-12-24,Product Not as Expected,11034.86
RET04860,ORD098084,2025-04-08,Wrong Product,5656.34
RET04861,ORD098208,2025-06-13,Poor Quality,7980.59
RET04862,ORD098218,2024-01-19,Product Not as Expected,4301.36
RET04863,ORD098251,2025-10-05,Product Not as Expected,4843.15
RET04864,ORD098291,2024-09-06,Late Delivery,5073.75
RET04865,ORD098298,2024-10-07,Product Not as Expected,7887.08
RET04866,ORD098318,2025-03-13,Poor Quality,10565.13
RET04867,ORD098326,2025-01-10,Late Delivery,1051.43
RET04868,ORD098355,2025-03-24,Damaged,2436.52
RET04869,ORD098361,2024-11-01,Product Not as Expected,4173.23
RET04870,ORD098365,2025-12-08,Product Not as Expected,11977.76
RET04871,ORD098368,2024-03-04,Size/Fit Issue,8912.69
RET04872,ORD098370,2025-05-17,Product Not as Expected,7852.2
RET04873,ORD098373,2025-12-08,Wrong Product,1738.11
RET04874,ORD098417,2025-05-14,Product Not as Expected,4594.2
RET04875,ORD098418,2024-02-28,Size/Fit Issue,3075.6
RET04876,ORD098420,2024-10-18,Changed Mind,4924.3
RET04877,ORD098501,2025-11-27,Damaged,10254.86
RET04878,ORD098556,2025-12-03,Size/Fit Issue,1777.3
RET04879,ORD098584,2024-02-10,Size/Fit Issue,5322.17
RET04880,ORD098589,2024-12-22,Poor Quality,3551.02
RET04881,ORD098591,2025-10-24,Late Delivery,7065.8
RET04882,ORD098593,2026-01-16,Wrong Product,9521.91
RET04883,ORD098600,2024-03-10,Late Delivery,11386.28
RET04884,ORD098606,2024-03-14,Poor Quality,6154.99
RET04885,ORD098631,2025-09-25,Damaged,9310.11
RET04886,ORD098638,2024-08-15,Changed Mind,762.4
RET04887,ORD098642,2024-03-16,Poor Quality,7950.32
RET04888,ORD098661,2025-07-22,Damaged,2185.06
RET04889,ORD098702,2025-06-26,Poor Quality,7912.63
RET04890,ORD098709,2024-02-26,Product Not as Expected,4960.68
RET04891,ORD098724,2024-07-14,Poor Quality,6520.13
RET04892,ORD098732,2024-01-14,Product Not as Expected,8436.2
RET04893,ORD098733,2025-08-25,Product Not as Expected,5767.32
RET04894,ORD098751,2024-12-15,Size/Fit Issue,6408.62
RET04895,ORD098758,2024-09-06,Size/Fit Issue,4837.42
RET04896,ORD098761,2024-04-18,Poor Quality,3362.52
RET04897,ORD098762,2026-01-04,Poor Quality,8467.8
RET04898,ORD098803,2025-04-20,Late Delivery,9748.32
RET04899,ORD098843,2024-08-07,Wrong Product,3038.95
RET04900,ORD098863,2024-11-20,Size/Fit Issue,1059.28
RET04901,ORD098869,2025-08-21,Damaged,2469.75
RET04902,ORD098872,2025-12-05,Product Not as Expected,1802.18
RET04903,ORD098899,2025-11-19,Product Not as Expected,6565.59
RET04904,ORD098909,2025-10-25,Size/Fit Issue,1302.06
RET04905,ORD098922,2024-07-08,Wrong Product,4997.01
RET04906,ORD098941,2024-11-20,Damaged,11791.83
RET04907,ORD098954,2025-02-11,Wrong Product,444.03
RET04908,ORD098965,2024-04-20,Changed Mind,10542.58
RET04909,ORD098979,2025-12-24,Changed Mind,381.16
RET04910,ORD099018,2026-01-01,Damaged,3614.49
RET04911,ORD099169,2024-07-15,Product Not as Expected,3637.12
RET04912,ORD099216,2024-12-25,Wrong Product,7636.19
RET04913,ORD099325,2025-08-17,Product Not as Expected,4643.77
RET04914,ORD099340,2024-10-06,Poor Quality,526.27
RET04915,ORD099341,2025-08-17,Late Delivery,11680.96
RET04916,ORD099342,2025-08-21,Poor Quality,8438.1
RET04917,ORD099347,2025-05-02,Product Not as Expected,397.97
RET04918,ORD099408,2025-04-28,Size/Fit Issue,11411.12
RET04919,ORD099412,2024-04-22,Size/Fit Issue,8511.04
RET04920,ORD099416,2025-12-24,Changed Mind,9561.24
RET04921,ORD099423,2024-08-10,Size/Fit Issue,10077.08
RET04922,ORD099433,2025-02-05,Late Delivery,6580.78
RET04923,ORD099464,2025-11-17,Wrong Product,9518.76
RET04924,ORD099467,2025-08-19,Wrong Product,10501.76
RET04925,ORD099491,2025-02-23,Changed Mind,8150.45
RET04926,ORD099494,2025-02-09,Poor Quality,10159.89
RET04927,ORD099499,2024-03-29,Wrong Product,9649.13
RET04928,ORD099515,2024-08-05,Product Not as Expected,2461.68
RET04929,ORD099523,2025-05-29,Product Not as Expected,2009.49
RET04930,ORD099533,2024-07-09,Poor Quality,9228.42
RET04931,ORD099547,2024-03-26,Damaged,5537.72
RET04932,ORD099558,2024-11-16,Size/Fit Issue,6365.69
RET04933,ORD099577,2024-02-16,Poor Quality,6929.89
RET04934,ORD099648,2025-05-13,Damaged,10187.89
RET04935,ORD099649,2024-04-18,Damaged,2038.12
RET04936,ORD099705,2024-10-14,Damaged,5393.7
RET04937,ORD099745,2024-05-06,Poor Quality,7105.58
RET04938,ORD099769,2025-11-14,Damaged,9777.6
RET04939,ORD099801,2025-09-16,Size/Fit Issue,6281.32
RET04940,ORD099852,2026-01-10,Product Not as Expected,11145.4
RET04941,ORD099870,2025-06-01,Changed Mind,1973.08
RET04942,ORD099889,2025-11-11,Wrong Product,3848.47
RET04943,ORD099893,2025-10-27,Product Not as Expected,6573.43
RET04944,ORD099934,2024-04-10,Late Delivery,1007.48
RET04945,ORD099946,2024-03-26,Size/Fit Issue,595.1
RET04946,ORD099949,2024-09-08,Poor Quality,756.96
